Project,Build,Runtime,Architecture,Tiered,Ready2Run,PreJIT,ZipSize,MemorySize,Runs,Init,Cold Used,Total Warm Used,Cost,Used-01,Used-02,Used-03,Used-04,Used-05,Used-06,Used-07,Used-08,Used-09,Used-10,Used-11,Used-12,Used-13,Used-14,Used-15,Used-16,Used-17,Used-18,Used-19,Used-20,Used-21,Used-22,Used-23,Used-24,Used-25,Used-26,Used-27,Used-28,Used-29,Used-30,Used-31,Used-32,Used-33,Used-34,Used-35,Used-36,Used-37,Used-38,Used-39,Used-40,Used-41,Used-42,Used-43,Used-44,Used-45,Used-46,Used-47,Used-48,Used-49,Used-50,Used-51,Used-52,Used-53,Used-54,Used-55,Used-56,Used-57,Used-58,Used-59,Used-60,Used-61,Used-62,Used-63,Used-64,Used-65,Used-66,Used-67,Used-68,Used-69,Used-70,Used-71,Used-72,Used-73,Used-74,Used-75,Used-76,Used-77,Used-78,Used-79,Used-80,Used-81,Used-82,Used-83,Used-84,Used-85,Used-86,Used-87,Used-88,Used-89,Used-90,Used-91,Used-92,Used-93,Used-94,Used-95,Used-96,Used-97,Used-98,Used-99
SampleMinimalApi,SampleMinimalApi-Net6-Arm64-NoTC-NoR2R-NoPreJIT-1024,dotnet6,arm64,no,no,no,1900725,1024MB,100,526.664,464.312,245.399,9.429,4.881,4.57,3.749,2.806,2.753,2.567,2.516,2.793,2.581,2.409,2.357,2.439,2.511,2.349,2.423,2.326,2.427,2.541,2.413,2.41,2.396,2.386,2.469,2.501,2.524,2.448,2.429,2.364,2.355,2.463,2.351,2.405,2.313,2.249,2.284,2.328,2.297,2.27,2.217,2.324,2.492,2.37,2.284,2.244,2.307,2.293,2.307,2.276,2.252,2.278,2.222,2.228,2.532,2.292,2.34,2.544,2.348,2.399,2.374,2.455,2.467,2.369,2.448,2.419,2.448,2.434,2.378,2.445,2.486,2.35,2.46,2.474,2.466,2.366,2.345,2.411,2.408,2.519,2.481,2.394,2.464,2.466,2.424,2.449,2.694,2.41,2.377,2.478,2.494,2.411,2.485,2.397,2.533,2.463,2.426,2.477,2.424,2.414,2.518
SampleMinimalApi,SampleMinimalApi-Net6-Arm64-NoTC-NoR2R-NoPreJIT-128,dotnet6,arm64,no,no,no,1900725,128MB,180,522.779,4099.208,1758.816,9.733,80.568,40.374,24.434,19.092,13.627,14.608,13.92,14.438,13.424,13.6,14.035,15.529,12.945,13.871,13.605,12.848,14.064,13.134,13.855,13.44,14.04,13.107,14.716,14.417,14.553,13.632,15.321,15.727,14.917,15.716,15.913,15.286,13.554,16.217,13.465,17.129,13.654,18.531,16.613,16.005,20.106,18.047,18.151,17.357,19.712,18.482,17.466,17.711,19.584,17.759,16.839,18,19.342,19.324,17.502,18.861,20.913,20.488,19.403,19.589,18.974,18.438,17.861,17.472,18.617,17.281,19.346,18.23,18.056,19.046,18.565,18.686,17.959,18.983,18.878,17.116,19.589,16.975,17.073,17.964,16.624,19.048,18.501,16.169,19.282,16.288,20.259,16.712,16.354,17.683,17.612,17.957,17.772,17.249,15.873,16.765,15.838,17.15,18.012
SampleMinimalApi,SampleMinimalApi-Net6-Arm64-NoTC-NoR2R-NoPreJIT-1769,dotnet6,arm64,no,no,no,1900725,1769MB,100,526.936,271.947,250.783,11.984,4.763,4.203,3.498,3.011,2.691,2.784,2.642,2.688,2.759,2.427,2.453,2.498,2.443,2.393,2.51,2.382,2.568,2.46,2.396,2.506,2.507,2.451,2.471,2.967,2.43,2.503,2.403,2.451,2.508,2.53,2.287,2.337,2.323,2.259,2.234,2.274,2.383,2.367,2.293,2.256,2.347,2.293,2.317,2.32,2.269,2.369,2.348,2.244,2.405,2.286,2.386,2.298,2.573,2.391,2.35,2.331,4.022,4.945,2.522,2.409,2.368,2.47,2.449,2.426,2.493,2.431,2.438,2.435,2.571,2.427,2.392,2.417,2.458,2.427,2.422,2.422,2.454,2.393,2.422,2.427,2.392,2.438,2.435,2.459,2.467,2.425,2.489,2.45,2.435,2.426,2.401,2.424,2.422,2.406,2.439,2.453,2.388,2.525,2.438
SampleMinimalApi,SampleMinimalApi-Net6-Arm64-NoTC-NoR2R-NoPreJIT-256,dotnet6,arm64,no,no,no,1900725,256MB,100,525.036,2039.133,457.03,8.309,38.609,12.534,6.36,5.326,5.147,3.819,4.19,4.101,3.892,3.809,4.001,4.673,4.465,4.967,3.851,3.639,4.097,4.086,4.127,4.028,3.785,3.942,4.117,3.922,4.658,4.072,4.011,3.994,3.452,3.636,3.512,3.799,4.026,3.643,4.205,4.63,4.839,3.631,4.551,3.641,4.534,4.186,3.986,3.437,4.051,3.872,4.311,4.93,4.189,4.917,4.726,5.183,4.048,5.006,4.876,4.881,4.245,4.459,4.88,4.352,3.66,4.901,3.597,4.873,4.135,4.132,4.263,4.154,4.321,4.134,4.018,3.67,3.74,3.807,4.185,3.665,4.088,3.669,3.403,3.612,4.559,4.63,3.849,3.779,3.637,4.046,4.178,4.001,4.708,4.006,4.144,4.16,4.498,3.498,3.697,5.599,3.875,3.922,3.363
SampleMinimalApi,SampleMinimalApi-Net6-Arm64-NoTC-NoR2R-NoPreJIT-512,dotnet6,arm64,no,no,no,1900725,512MB,100,526.406,970.065,260.919,8.188,8.589,5.371,4.13,2.883,2.74,2.804,2.793,2.979,2.601,2.523,2.395,2.654,2.341,2.403,2.519,2.681,2.551,2.534,2.682,2.294,2.479,2.56,2.593,2.436,2.618,2.645,2.46,2.55,2.401,2.478,2.593,2.317,2.435,2.433,2.571,2.307,2.284,2.347,2.355,2.419,2.306,2.58,2.301,2.339,2.249,2.354,2.3,2.229,2.284,2.345,2.497,2.387,2.364,2.55,2.391,3.133,2.602,2.497,2.595,2.523,2.523,2.655,2.525,2.923,2.465,2.621,2.434,2.669,2.571,2.662,2.597,2.482,2.592,2.428,2.786,2.432,2.499,2.663,2.653,2.7,2.507,2.639,2.579,2.478,2.559,2.398,2.593,2.754,2.514,2.467,2.55,2.537,2.465,2.456,2.576,2.519,2.462,2.677,2.736
SampleMinimalApi,SampleMinimalApi-Net6-Arm64-NoTC-NoR2R-NoPreJIT-5120,dotnet6,arm64,no,no,no,1900725,5120MB,100,477.524,250.459,240.297,32.56,4.663,3.718,2.985,2.806,2.634,2.421,2.451,2.501,2.598,2.491,2.479,2.59,2.655,2.596,2.443,2.505,2.832,2.501,2.578,2.614,2.849,2.424,2.646,2.418,2.566,2.521,2.398,2.459,2.363,2.276,2.32,2.262,2.289,2.227,2.319,2.476,2.254,2.293,2.244,2.231,2.177,2.203,2.28,2.353,2.285,2.212,2.21,2.221,2.23,2.235,2.234,2.239,2.23,2.315,2.488,2.187,2.22,2.293,2.293,2.352,2.34,2.292,2.378,2.254,2.267,2.342,2.267,2.261,2.331,2.347,2.31,2.317,2.611,2.334,2.343,2.309,2.382,2.346,2.367,2.324,2.433,2.376,2.577,2.326,2.447,2.335,2.425,2.372,2.32,2.365,2.37,2.372,2.354,2.368,2.48,2.417,2.407,2.321,2.364
SampleMinimalApi,SampleMinimalApi-Net6-Arm64-NoTC-NoR2R-YesPreJIT-1024,dotnet6,arm64,no,no,yes,1900725,1024MB,100,542.958,449.517,246.086,9.242,4.478,4.789,3.485,2.843,2.77,2.655,2.526,2.911,2.954,2.395,2.921,2.5,2.463,2.513,2.606,2.424,2.377,2.477,2.449,2.36,2.454,2.469,2.48,2.399,2.421,2.383,2.54,2.431,2.536,2.396,2.291,2.352,2.281,2.476,2.284,2.306,2.254,2.291,2.312,2.227,2.29,2.292,2.356,2.291,2.201,2.276,2.347,2.317,2.336,2.364,2.281,2.342,2.353,2.291,2.286,2.342,2.298,2.33,2.357,2.355,2.488,2.423,2.504,2.45,2.385,2.401,2.433,2.518,2.369,2.442,2.456,2.508,2.495,2.365,2.446,2.467,2.553,2.455,2.417,2.439,2.458,2.49,2.449,2.462,2.486,2.434,2.415,2.402,2.432,2.363,2.484,2.388,2.43,2.409,2.492,2.414,2.472,2.351,2.461
SampleMinimalApi,SampleMinimalApi-Net6-Arm64-NoTC-NoR2R-YesPreJIT-128,dotnet6,arm64,no,no,yes,1900725,128MB,179,542.615,3998.175,1791.336,9.623,82.103,44.217,24.731,15.895,17.49,15.548,16.111,15.269,12.841,14.279,13.974,15.465,15.513,13.282,12.413,13.955,13.849,12.746,14.757,13.031,15.189,14.124,15.589,13.161,14.93,12.625,14.891,15.89,22.673,13.811,15.396,15.726,15.227,14.311,16.316,15.642,34.555,17.039,20.79,16.676,16.4,20.162,17.633,18.939,16.398,19.955,17.466,18.104,15.33,20.756,19.047,18.054,18.429,17.443,17.683,18.648,19.114,17.937,18.275,17.996,17.935,18.311,17.759,17.725,17.392,19.466,16.113,17.084,19.442,20.278,17.592,18.875,18.781,16.363,18.472,16.29,18.501,18.71,17.829,18.85,17.303,18.964,17.65,17.969,18.529,18.517,17.435,18.243,17.649,20.387,17.398,15.912,17.178,15.409,18.367,17.857,16.043,17.413,15.549
SampleMinimalApi,SampleMinimalApi-Net6-Arm64-NoTC-NoR2R-YesPreJIT-1769,dotnet6,arm64,no,no,yes,1900725,1769MB,100,544.147,262.342,246.073,11.655,4.424,3.962,3.643,3.035,2.688,2.872,2.493,2.774,2.529,2.413,2.456,2.639,2.362,2.485,2.558,2.821,2.514,2.554,2.524,2.547,2.553,2.454,2.441,2.52,2.426,2.396,2.454,2.578,2.528,2.451,2.416,2.402,2.277,2.358,2.969,2.283,2.294,2.411,2.379,2.243,2.334,2.268,2.365,2.242,2.218,2.277,2.311,2.261,2.325,2.28,2.265,2.306,2.296,2.352,2.407,2.373,2.35,2.456,2.365,2.372,2.358,2.428,2.402,2.418,2.499,2.487,2.555,2.495,2.377,2.454,2.353,2.439,2.38,2.47,2.399,2.433,2.507,2.456,2.334,2.404,2.446,2.496,2.424,2.452,2.394,2.423,2.403,2.383,2.454,2.397,2.408,2.43,2.425,2.382,2.403,2.367,2.382,2.393,2.419
SampleMinimalApi,SampleMinimalApi-Net6-Arm64-NoTC-NoR2R-YesPreJIT-256,dotnet6,arm64,no,no,yes,1900725,256MB,100,538.364,1967.212,435.371,7.996,34.392,13.537,7.677,6.154,5.169,3.744,4.585,3.759,3.154,3.619,3.783,3.503,3.167,4.644,4.392,3.651,3.174,3.275,3.405,3.868,3.786,3.394,4.131,3.618,3.972,4.113,3.986,3.841,3.672,3.172,3.401,3.652,3.455,3.407,3.44,3.549,3.15,3.428,4.147,4.154,3.995,4.892,4.036,3.705,4.12,3.861,3.98,3.913,4.064,4.089,3.984,3.452,4.355,3.606,4.008,3.702,4.647,3.881,4.633,3.686,3.657,3.648,3.855,4.014,3.772,4.596,3.937,4.166,3.973,3.974,3.699,3.362,3.634,4.162,4.101,4.334,4.275,4.464,4.073,4.374,4.029,3.582,4.372,3.885,5.04,5.702,4.82,3.913,3.687,4.273,3.905,3.432,3.937,4.399,3.598,4.091,4.032,4.005,3.877
SampleMinimalApi,SampleMinimalApi-Net6-Arm64-NoTC-NoR2R-YesPreJIT-512,dotnet6,arm64,no,no,yes,1900725,512MB,100,543.474,946.64,263.834,8.053,8.595,4.709,4.504,2.966,2.619,2.9,2.82,3.314,3.171,2.752,2.525,2.756,2.466,2.693,2.689,2.441,2.485,2.468,2.957,2.52,2.455,2.482,2.441,2.43,2.529,2.451,2.442,2.381,2.621,2.674,2.938,2.376,2.446,2.346,2.603,2.864,2.25,2.313,2.526,2.563,2.228,2.336,2.496,2.289,2.375,2.248,2.512,2.381,2.51,2.372,2.546,2.471,2.411,2.291,2.356,2.613,2.829,2.775,2.702,2.412,2.505,2.51,2.591,2.819,2.641,2.652,2.564,2.606,2.524,2.436,2.521,2.513,2.426,2.833,2.538,2.725,2.572,2.667,2.411,2.425,2.691,2.433,2.475,2.563,2.494,2.584,2.435,2.657,2.44,2.406,2.649,2.522,2.82,2.467,2.449,3.203,2.379,2.559,2.498
SampleMinimalApi,SampleMinimalApi-Net6-Arm64-NoTC-NoR2R-YesPreJIT-5120,dotnet6,arm64,no,no,yes,1900725,5120MB,100,492.101,239.951,239.709,31.82,5.033,3.98,2.912,2.679,2.479,2.403,2.616,2.631,2.49,2.401,2.513,2.535,2.329,2.479,2.598,2.765,2.817,2.851,2.526,2.822,2.576,2.585,2.366,2.629,2.508,2.443,2.45,2.323,2.26,2.294,2.288,2.201,2.221,2.208,2.261,2.266,2.241,2.325,2.173,2.341,2.308,2.257,2.16,2.187,2.351,2.198,2.229,2.215,2.218,2.279,2.378,2.26,2.28,2.245,2.219,2.263,2.207,2.234,2.32,2.258,2.318,2.35,2.271,2.436,2.325,2.285,2.252,2.328,2.365,2.256,2.261,2.392,2.355,2.274,2.301,2.43,2.283,2.298,2.449,2.343,2.385,2.436,2.382,2.387,2.38,2.334,2.402,2.37,2.358,2.359,2.442,2.461,2.359,2.343,2.391,2.273,2.363,2.471,2.358
SampleMinimalApi,SampleMinimalApi-Net6-Arm64-NoTC-YesR2R-NoPreJIT-1024,dotnet6,arm64,no,yes,no,3087178,1024MB,100,493.492,353.193,255.456,8.082,4.801,4.59,3.544,3.124,2.781,2.598,2.601,2.67,3.033,2.541,2.541,2.432,2.582,2.524,2.562,2.417,2.591,2.489,2.574,2.469,2.461,2.46,2.483,2.525,2.493,5.61,5.525,2.746,2.533,2.616,2.401,2.426,2.332,2.338,2.255,2.362,2.309,2.348,2.369,2.292,2.349,2.327,2.429,2.286,2.341,2.396,2.312,2.351,2.284,2.428,2.338,2.317,2.34,2.332,2.726,2.374,2.354,2.437,2.347,2.36,2.476,2.429,2.401,2.383,2.38,2.449,2.695,2.44,2.415,2.449,2.455,2.496,2.433,2.405,2.469,2.421,2.61,2.599,2.423,2.419,2.462,2.451,2.401,2.39,2.469,2.484,2.475,2.366,2.376,2.492,2.424,2.411,2.528,2.473,2.479,2.435,2.404,2.383,2.533
SampleMinimalApi,SampleMinimalApi-Net6-Arm64-NoTC-YesR2R-NoPreJIT-128,dotnet6,arm64,no,yes,no,3087178,128MB,100,496.418,3150.629,1766.479,8.165,83.273,47.037,23.219,17.103,13.833,14.844,15.787,16.502,14.653,13.7,14.157,15.68,16.907,16.887,13.381,17.433,12.397,14.804,14.282,13.747,14.048,14.462,15.613,14.716,14.038,17.463,14.626,14.611,15.769,15.072,16.406,15.223,18.274,15.615,17.383,18.216,16.896,15.26,17.327,16.731,17.883,18.954,17.747,18.232,18.706,17.491,17.268,15.895,16.889,16.594,16.474,17.225,19.479,17.967,19.516,19.07,15.589,19.103,16.072,18.581,18.279,18.929,18.804,17.188,16.918,16.95,16.583,18.185,17.213,17.793,16.298,17.748,17.148,17.475,22.163,16.279,18.652,18.143,16.705,18.419,18.044,15.91,18.534,16.442,18.017,16.623,18.549,15.858,18.104,17.601,19.035,16.762,15.366,18.906,17.045,15.608,17.828,16.363,17.901
SampleMinimalApi,SampleMinimalApi-Net6-Arm64-NoTC-YesR2R-NoPreJIT-1769,dotnet6,arm64,no,yes,no,3087178,1769MB,100,497.327,207.058,253.957,10.56,4.545,4.533,3.505,2.851,2.671,2.612,2.691,2.909,2.605,2.598,2.675,2.452,2.502,2.531,2.335,2.514,2.417,2.476,2.583,2.5,2.456,2.455,2.557,2.536,2.507,2.484,2.531,2.477,2.547,2.456,2.408,2.399,2.318,2.421,2.351,2.369,2.302,2.323,2.279,2.346,2.304,2.358,2.259,2.389,2.355,2.455,2.401,2.345,4.499,4.291,2.299,2.475,2.366,2.496,2.426,2.563,2.445,2.53,2.477,2.486,2.457,2.477,2.465,2.519,2.424,2.494,2.456,2.473,2.555,2.446,2.444,2.514,2.469,2.52,2.431,2.434,2.452,2.549,2.45,2.493,2.451,2.532,2.476,2.482,2.381,2.45,2.463,2.399,2.485,2.448,2.524,2.454,2.487,2.483,2.463,2.559,2.582,2.529,2.547
SampleMinimalApi,SampleMinimalApi-Net6-Arm64-NoTC-YesR2R-NoPreJIT-256,dotnet6,arm64,no,yes,no,3087178,256MB,100,494.634,1557.758,462.401,6.717,32.394,13.677,6.943,6.75,6.203,4.975,4.487,5.243,3.305,3.376,4.049,3.947,4.015,4.039,4.02,3.615,3.807,3.865,3.887,4.303,4.435,3.917,4.183,3.813,5.731,4.564,3.796,3.687,3.389,3.476,3.593,3.941,4.339,3.253,3.733,3.862,5.379,5.608,4.96,4.5,4.197,4.028,5.168,4.133,4.593,3.922,4.405,4.582,4.887,6.05,3.877,4.334,3.875,4.043,4.252,4.018,4.633,4.561,4.188,3.929,4.451,4.625,4.389,4.081,4.369,4.614,3.668,3.946,4.272,3.853,4.973,3.841,3.845,3.828,3.89,3.901,5.005,4.292,4.62,3.658,3.866,4.035,4.378,4.088,4.851,3.904,4.668,4.351,4.032,4.157,4.402,3.96,3.479,4.144,4.304,3.776,3.938,4.071,5.149
SampleMinimalApi,SampleMinimalApi-Net6-Arm64-NoTC-YesR2R-NoPreJIT-512,dotnet6,arm64,no,yes,no,3087178,512MB,100,496.657,745.364,269.618,6.748,9.236,5.16,3.949,3.031,2.738,2.823,2.74,2.786,3.172,2.77,2.41,2.526,2.447,2.454,2.643,2.479,2.874,2.456,2.769,2.837,2.498,2.677,2.527,2.654,2.804,3.095,2.487,2.527,2.6,2.459,2.686,2.471,2.324,2.34,2.369,2.337,2.317,2.56,2.385,2.389,2.774,2.49,2.379,2.361,2.35,2.485,2.495,2.351,2.392,2.752,2.292,2.416,2.508,2.537,2.848,2.822,2.544,2.846,2.919,2.463,2.693,2.944,2.638,2.51,2.718,2.456,2.853,2.698,2.544,2.478,2.683,2.482,2.671,3.349,2.606,2.596,2.545,2.73,2.48,2.566,2.748,2.566,2.519,2.653,2.492,2.526,2.7,2.809,2.616,2.658,2.694,2.512,2.542,2.709,2.66,3.014,2.842,2.499,2.794
SampleMinimalApi,SampleMinimalApi-Net6-Arm64-NoTC-YesR2R-NoPreJIT-5120,dotnet6,arm64,no,yes,no,3087178,5120MB,100,447.379,188.513,243.581,28.647,4.786,3.731,3.106,2.883,2.541,2.527,2.622,2.497,2.646,2.688,2.549,2.416,2.801,2.555,2.517,2.605,2.769,2.542,2.375,2.729,2.704,2.701,2.603,2.579,2.398,2.582,2.409,2.32,2.563,2.279,2.418,2.381,2.347,2.359,2.276,2.337,2.325,2.273,2.282,2.243,2.247,2.328,2.369,2.242,2.315,2.317,2.28,2.206,2.271,2.268,2.28,2.331,2.241,2.254,2.229,2.279,2.269,2.437,2.407,2.321,2.317,2.383,2.4,2.294,2.433,2.321,2.314,2.327,2.377,2.37,2.336,2.534,2.43,2.31,2.31,2.331,2.366,2.491,2.389,2.337,2.414,2.338,2.343,2.542,2.411,2.37,2.431,2.401,2.364,2.4,2.546,2.541,2.536,2.425,2.343,2.432,2.415,2.413,2.398
SampleMinimalApi,SampleMinimalApi-Net6-Arm64-NoTC-YesR2R-YesPreJIT-1024,dotnet6,arm64,no,yes,yes,3087178,1024MB,100,506.291,337.543,247.04,7.761,4.622,4.216,3.586,3.055,2.697,2.669,2.735,2.818,2.641,2.456,2.471,2.461,2.505,2.545,2.506,2.441,2.601,2.49,2.463,2.442,2.391,2.425,2.41,2.467,2.558,2.478,2.397,2.452,2.46,2.45,2.624,2.343,2.323,2.32,2.378,2.281,2.396,2.312,2.295,2.274,2.279,2.328,2.256,2.316,2.311,2.291,2.46,2.263,2.358,2.294,2.348,2.324,2.353,2.652,2.367,2.379,2.366,2.44,2.472,2.462,2.422,2.423,2.468,2.418,2.461,2.431,2.461,2.523,2.465,2.534,2.434,2.526,2.44,2.435,2.409,2.407,2.464,2.461,2.45,2.447,2.442,2.363,2.427,2.441,2.482,2.444,2.373,2.448,2.399,2.414,2.438,2.414,2.383,2.439,2.445,2.456,2.479,2.417,2.489
SampleMinimalApi,SampleMinimalApi-Net6-Arm64-NoTC-YesR2R-YesPreJIT-128,dotnet6,arm64,no,yes,yes,3087178,128MB,100,507.703,3010.619,1717.835,7.853,96.875,43.054,23.127,16.791,16.193,16.853,15.91,13.366,13.172,13.758,15.071,13.947,16.324,14.196,12.394,14.757,13.537,14.247,15.115,14.254,15.305,15.798,13.216,13.85,13.406,14.039,13.641,16.24,13.505,12.216,14.059,13.031,17.886,14.973,14.749,16.408,14.801,15.537,17.365,17.621,18.326,19.88,18.586,18.808,18.591,16.718,16.629,19.729,20.719,17.503,20.739,16.36,17.109,18.89,16.254,15.755,16.645,16.434,20.353,13.717,16.405,18.143,14.637,15.917,19.32,16.382,16.669,17.369,16.684,15.236,16.317,14.938,18.711,17.039,15.712,16.683,15.929,15.561,17.162,15.981,17.332,17.436,17.681,16.839,19.323,18.617,17.675,15.267,17.621,15.276,17.579,17.109,15.898,16.226,16.208,15.136,15.27,15.325,16.891
SampleMinimalApi,SampleMinimalApi-Net6-Arm64-NoTC-YesR2R-YesPreJIT-1769,dotnet6,arm64,no,yes,yes,3087178,1769MB,100,508.944,199.958,252.168,10.357,4.598,4.433,3.298,3.043,2.698,2.618,2.582,2.804,2.497,2.603,2.521,2.504,2.436,2.535,2.458,2.457,2.458,2.456,2.609,2.495,2.444,2.528,2.484,2.485,2.682,2.467,2.535,2.544,2.425,2.415,2.43,2.392,2.448,2.377,2.353,2.322,2.309,2.462,2.287,2.388,2.297,2.313,2.308,2.308,2.329,2.311,2.329,2.292,2.306,2.382,2.32,2.386,2.431,2.345,2.45,2.338,2.357,2.436,2.39,2.4,2.456,4.526,4.152,2.596,2.605,2.443,2.454,2.512,2.573,2.496,2.462,2.435,2.47,2.453,2.464,2.404,2.522,2.446,2.521,2.469,2.493,2.429,2.418,2.533,2.476,2.538,2.423,2.478,2.399,2.613,2.416,2.436,2.486,2.482,2.409,2.415,2.408,2.487,2.472
SampleMinimalApi,SampleMinimalApi-Net6-Arm64-NoTC-YesR2R-YesPreJIT-256,dotnet6,arm64,no,yes,yes,3087178,256MB,100,510.403,1512.169,462.899,6.567,31.061,15.183,8.989,6.857,4.496,4.97,5.076,4.207,3.918,4.142,4.012,4.187,3.72,4.798,3.858,4.092,4.217,5.433,4.293,3.443,4.012,4.428,3.845,3.773,3.946,3.807,3.464,4.739,4.35,4.348,4.762,4.246,3.949,4.397,4.184,4.123,3.58,3.532,3.453,3.668,4.65,3.542,3.633,4.129,4.269,4.827,4.452,5.034,3.78,4.728,4.632,4.589,3.795,3.979,4.331,4.263,4.234,3.512,4.156,3.443,4.069,3.923,4.58,4.029,4.514,3.777,4.083,4.436,3.864,3.645,4.126,4.389,4.529,4.474,4.636,4.436,4.181,3.92,4.306,4.165,3.97,4.409,4.716,4.284,3.863,4.019,3.919,4.538,4.244,4.974,4.133,4.662,3.961,5.997,4.143,4.34,4.032,4.154,4.928
SampleMinimalApi,SampleMinimalApi-Net6-Arm64-NoTC-YesR2R-YesPreJIT-512,dotnet6,arm64,no,yes,yes,3087178,512MB,100,511.213,720.165,268.914,6.577,7.788,6.124,4.017,2.964,2.758,2.838,2.91,2.686,2.993,2.56,2.752,2.505,2.643,2.565,2.971,2.581,2.711,2.79,2.672,2.449,2.581,2.611,2.442,2.504,3.019,2.864,2.542,2.588,3.175,2.524,2.924,2.37,2.453,2.475,2.669,2.577,2.417,2.355,2.26,2.556,2.392,2.388,2.412,2.36,2.586,2.647,2.461,2.472,2.361,2.538,2.638,2.389,2.604,2.965,2.382,2.479,2.511,2.407,2.647,2.476,2.598,2.658,2.524,2.471,3.119,3.238,2.734,2.474,2.921,2.557,2.763,2.631,2.644,2.591,2.575,2.542,2.473,2.395,2.964,2.468,2.592,2.506,2.398,2.537,2.583,2.897,2.724,2.622,2.946,2.584,2.473,2.55,2.545,2.564,2.574,2.579,2.52,2.514,2.571
SampleMinimalApi,SampleMinimalApi-Net6-Arm64-NoTC-YesR2R-YesPreJIT-5120,dotnet6,arm64,no,yes,yes,3087178,5120MB,100,462.201,180.555,243.95,28.141,4.752,3.622,3.068,2.713,2.528,2.543,2.553,2.55,2.764,2.655,2.358,2.437,2.469,2.451,2.626,2.574,2.809,2.607,2.835,2.66,2.815,2.612,2.462,2.589,2.422,2.586,2.418,2.488,2.297,2.368,2.399,2.335,2.379,2.293,2.264,2.282,2.394,2.399,2.192,2.304,2.394,2.313,2.242,2.383,2.233,2.298,2.255,2.318,2.355,2.341,2.257,2.33,2.478,2.338,2.249,2.242,2.321,2.301,2.281,2.342,2.249,2.354,2.326,2.342,2.383,2.467,2.319,2.395,2.314,2.316,2.356,2.38,2.338,2.402,2.332,2.425,2.566,2.454,2.339,2.403,2.44,2.469,2.468,2.379,2.394,2.371,2.439,2.414,2.468,2.428,2.426,2.45,2.585,2.431,2.394,2.417,2.483,2.503,2.394
SampleMinimalApi,SampleMinimalApi-Net6-Arm64-YesTC-NoR2R-NoPreJIT-1024,dotnet6,arm64,yes,no,no,1900728,1024MB,100,469.119,371.078,316.726,9.125,5.345,4.501,4.117,3.265,2.814,2.93,3.076,3.144,3.343,3.213,3.315,3.558,3.978,3.442,3.302,3.602,3.712,3.272,3.591,4.256,3.675,3.488,2.969,3.502,3.825,3.65,3.342,3.279,3.144,3.069,3.545,3.376,3.041,2.695,2.99,2.859,2.874,2.735,2.682,2.929,2.753,2.756,3.268,2.8,2.975,2.936,2.842,2.786,2.818,2.832,2.723,3.213,2.834,3.231,2.958,2.769,2.896,2.786,3.174,3.047,2.713,3.023,2.983,2.992,2.845,3.294,2.974,2.904,3.16,3.231,3.216,3.457,3.409,3.346,3.133,3.317,2.938,3.402,3.303,2.787,2.953,2.975,3.008,3.256,2.795,3.036,2.93,3.765,2.987,3.438,3.463,3.254,3.186,3.255,3.105,3.066,3.204,3.373,3.416
SampleMinimalApi,SampleMinimalApi-Net6-Arm64-YesTC-NoR2R-NoPreJIT-128,dotnet6,arm64,yes,no,no,1900728,128MB,134,467.685,3474.11,5558.678,14.97,94.373,49.758,31.934,35.855,34.537,36.764,29.009,35.353,41.427,45.29,43.632,50.223,45.248,45.968,48.531,48.018,36.617,42.94,40.59,37.764,41.488,50.522,41.199,49.124,44.223,71.309,78.244,60,52.07,52.736,56.744,67.218,60.501,70.922,66.711,68.343,61.929,72.073,79.997,58.461,64.54,54.931,72.908,72.294,57.378,54.852,54.85,54.514,62.771,57.746,68.139,53.529,61.783,65.283,64.622,65.752,66.162,61.966,66.362,65.936,67.316,63.641,63.016,59.907,56.09,62.613,68.938,69.266,60.923,67.282,56.782,62.095,55.428,60.406,53.828,51.425,61.285,56.589,51.668,54.117,59.706,56.649,54.381,51.832,50.548,57.994,52.756,53.993,51.856,57.514,52.584,57.572,59.095,51.788,55.328,50.931,51.368,55.662,50.542
SampleMinimalApi,SampleMinimalApi-Net6-Arm64-YesTC-NoR2R-NoPreJIT-1769,dotnet6,arm64,yes,no,no,1900728,1769MB,100,465.42,218.881,297.313,11.82,5.123,4.417,3.519,3.326,2.77,2.939,2.832,2.857,3.112,2.746,3.279,2.767,2.962,2.964,3.227,3.749,3.842,3.636,3.378,3.243,3.752,3.464,3.146,3.787,3.505,3.095,2.936,2.874,3.016,3.072,3.054,2.833,2.882,2.809,2.726,2.692,2.76,2.576,2.69,2.74,2.675,2.653,2.755,2.863,2.819,2.855,2.609,2.669,2.586,2.575,2.806,2.954,2.987,2.954,2.803,2.765,2.669,2.785,2.729,2.906,2.766,2.912,2.972,2.858,2.8,2.979,2.984,2.918,3.078,2.973,2.826,2.943,3.095,2.94,2.998,3.056,2.906,3.027,2.975,2.984,2.973,3.083,2.937,2.931,2.88,3.021,2.981,2.989,2.946,2.927,2.88,2.93,2.929,2.886,2.875,3,2.909,2.7,3.036
SampleMinimalApi,SampleMinimalApi-Net6-Arm64-YesTC-NoR2R-NoPreJIT-256,dotnet6,arm64,yes,no,no,1900728,256MB,100,467.051,1638.901,1846.943,11.555,33.037,15.252,8.562,11.086,6.889,10.025,7.725,11.903,11.866,12.819,12.346,15.634,12.468,12.773,16.714,16.546,14.731,15.358,19.437,15.382,15.685,16.419,13.86,15.371,14.566,14.886,13.555,13.163,15.614,12.821,12.132,13,11.68,12.215,14.286,14.983,19.098,14.385,15.29,15.575,13.668,16.126,17.997,16.566,17.209,19.577,19.624,19.29,18.129,19.319,19.453,18.43,20.966,19.203,21.196,19.261,21.846,20.848,19.976,24.43,24.3,25.318,20.728,26.311,25.304,25.387,23.273,20.56,23.847,22.5,21.579,19.375,21.262,21.374,22.753,21.974,23.621,24.435,27.207,21.666,23.073,22.705,26.358,22.412,23.723,26.322,22.245,26.276,21.911,22.526,23.719,23.547,25.1,23.99,18.411,17.474,21.962,20.839,19.332
SampleMinimalApi,SampleMinimalApi-Net6-Arm64-YesTC-NoR2R-NoPreJIT-512,dotnet6,arm64,yes,no,no,1900728,512MB,100,466.733,781.301,553.31,8.853,8.996,5.801,4.875,3.653,3.562,3.051,4.149,4.952,4.614,4.391,4.986,5.56,6.235,4.147,5.462,5.07,6.118,5.036,6.377,5.214,6.439,5.636,6.838,6.296,4.261,5.992,5.518,5.062,4.62,5.788,4.775,4.943,5.218,6.137,4.617,5.06,4.177,4.459,4.041,5.425,4.191,4,4.454,4.593,4.161,4.172,4.544,4.908,5.995,4.992,5.771,5.176,5.257,5.206,5.177,5.083,5.121,5.298,5.001,5.852,4.97,6.092,5.315,5.112,4.759,5.787,5.706,6.079,5.819,6.093,5.56,7.082,5.757,7.311,6.414,6.46,6.771,6.475,6.849,5.796,6.551,6.175,6.385,6.284,6.398,6.974,6.332,7.386,5.399,6.17,7.17,7.549,7.832,5.819,6.582,6.443,7.935,6.502,6.722
SampleMinimalApi,SampleMinimalApi-Net6-Arm64-YesTC-NoR2R-NoPreJIT-5120,dotnet6,arm64,yes,no,no,1900728,5120MB,100,430.324,201.655,269.264,31.219,4.295,3.799,3.644,2.716,2.668,2.599,2.585,2.711,2.698,2.493,2.4,2.747,2.967,3.195,3.582,3.016,2.958,2.873,3.354,2.987,3.516,3.368,3.193,3.254,3.215,2.827,2.89,2.666,3.035,2.681,3.002,3.173,2.721,2.488,2.872,2.658,2.673,2.507,2.506,2.466,2.542,2.496,2.501,2.493,2.476,2.528,2.557,2.417,2.519,2.562,2.493,2.47,2.365,2.364,2.577,2.514,2.478,2.53,2.44,2.393,2.732,2.433,2.518,2.53,2.413,2.473,2.49,2.352,2.754,2.798,2.563,2.503,2.686,2.525,2.522,2.492,2.599,2.57,2.594,2.503,2.704,2.51,2.578,2.598,2.632,2.518,2.639,2.812,2.78,2.63,2.747,2.549,2.707,2.698,2.614,2.576,2.66,2.92,2.632
SampleMinimalApi,SampleMinimalApi-Net6-Arm64-YesTC-NoR2R-YesPreJIT-1024,dotnet6,arm64,yes,no,yes,1900728,1024MB,100,483.27,356.445,312.382,8.877,4.972,4.495,3.546,3.309,2.855,2.794,2.912,3.037,3.147,3.011,3.11,3.919,4.254,3.422,3.306,3.792,3.771,4.045,3.977,3.655,3.634,3.097,3.387,3.227,3.199,3.444,3.386,3.42,3.129,3.212,2.996,3.143,2.98,2.974,2.824,2.705,2.788,2.798,2.765,2.693,2.874,3.086,2.795,2.96,2.872,2.751,2.834,2.826,2.904,3.053,3.151,2.801,2.99,2.885,3.113,2.776,2.763,2.94,3.384,2.811,3.008,3.498,3.191,3.309,3.01,3.428,3.383,3.29,2.965,2.912,3.588,3.178,3.051,2.924,3.009,3.047,2.908,3.05,2.949,3.654,2.934,3.095,2.783,3.088,2.938,3.11,2.959,3.123,2.919,2.922,3.052,2.916,3.049,3.006,2.995,3.037,3.159,3.17,3.082
SampleMinimalApi,SampleMinimalApi-Net6-Arm64-YesTC-NoR2R-YesPreJIT-128,dotnet6,arm64,yes,no,yes,1900728,128MB,137,478.805,3293.922,5446.268,14.47,99.257,47.453,31.548,32.203,28.062,30.142,28.323,29.203,35.991,41.169,45.607,48.858,47.471,42.29,49.12,44.862,34.683,33.562,31.529,40.216,36.949,43.901,57.117,45.911,45.843,63.281,51.61,59.345,43.576,52.394,55.745,59.578,55.648,57.042,59.135,57.261,83.026,63.91,73.764,69.095,61.409,64.281,70.938,63.965,58.102,61.855,57.82,65.59,57.709,53.844,60.743,52.339,58.734,64.887,63.228,70.566,64.727,58.553,75.197,61.288,54.984,62.406,60.656,65.864,64.673,60.686,61.115,59.051,72.921,67.695,58.772,60.779,55.234,63.949,66.066,61.461,61.755,56.87,53.965,55.408,57.489,52.734,55.256,43.883,49.965,55.719,52.576,52.476,48.638,54.463,51.271,47.087,55.3,56.162,61.858,56.552,55.957,54.844,58.277
SampleMinimalApi,SampleMinimalApi-Net6-Arm64-YesTC-NoR2R-YesPreJIT-1769,dotnet6,arm64,yes,no,yes,1900728,1769MB,100,480.108,210.124,296.176,11.598,4.534,4.677,3.579,3.072,2.97,2.723,2.794,2.991,2.8,3.035,2.632,3.158,2.907,3.073,3.198,3.366,3.699,3.872,3.554,3.1,4.268,3.157,3.537,3.417,3.196,3.623,3.532,2.93,3.049,2.964,2.863,2.94,2.792,2.651,2.796,2.835,2.729,2.628,2.795,2.685,2.8,2.836,2.741,2.713,2.683,2.636,2.68,2.652,2.585,2.721,2.725,2.72,2.958,2.721,2.72,2.751,2.623,2.701,2.747,2.938,2.619,2.663,2.845,2.792,2.855,2.88,2.992,2.859,2.866,2.915,2.879,2.83,3.077,2.858,3.015,3.193,2.996,2.92,3.02,3.139,2.853,2.974,3.133,2.947,2.934,3.081,2.81,2.804,3.148,3.27,3.053,2.921,2.89,2.81,2.915,2.913,2.796,3.151,2.79
SampleMinimalApi,SampleMinimalApi-Net6-Arm64-YesTC-NoR2R-YesPreJIT-256,dotnet6,arm64,yes,no,yes,1900728,256MB,100,477.681,1566.723,1817.855,11.214,32.568,13.527,9.704,8.008,8.136,9.333,10.582,9.277,9.703,10.912,13.217,13.919,16.095,17.131,18.397,14.596,20.634,19.403,14.819,16.134,17.389,13.345,15.984,11.935,15.291,11.971,15.93,13.785,13.211,16.135,13.257,18.14,12.997,13.683,18.327,11.685,13.307,11.216,13.958,14.805,14.202,16.128,16.084,17.526,18.102,14.338,16.051,19.65,21.21,20.965,19.515,18.137,19.641,16.127,25.6,20.748,19.867,21.834,19.341,23.695,20.625,19.401,25.398,21.555,21.492,20.8,22.974,21.375,22.18,20.664,23.77,21.891,23.832,22.136,25.385,22.906,21.684,21.318,22.795,22.991,19.62,24.543,24.473,25.8,23.307,24.245,21.954,21.496,24.029,22.796,22.211,21.467,20.67,23.823,20.351,21.14,19.796,19.366,20.395
SampleMinimalApi,SampleMinimalApi-Net6-Arm64-YesTC-NoR2R-YesPreJIT-512,dotnet6,arm64,yes,no,yes,1900728,512MB,100,480.96,749.834,538.778,8.551,7.607,5.389,4.17,3.909,3.986,3.231,3.734,3.741,4.25,5.11,5.156,4.935,5.441,5.013,6.882,5.624,5.02,6.787,5.531,6.955,6.164,4.961,5.852,6.556,5.763,6.022,5.504,5.834,4.48,4.974,5.255,4.982,4.414,4.336,3.638,4.541,5.451,4.348,4.063,3.949,3.641,4.127,4.091,3.878,5.376,5.17,5.849,4.544,4.201,6.116,5.513,4.709,5.42,4.705,4.653,4.305,5.614,5.36,5.846,5.241,5.097,5.765,6.433,6.056,5.52,6.117,6.233,5.745,5.087,5.448,5.296,5.759,7.277,5.153,5.502,6.158,5.739,6.612,7.177,5.561,6.705,5.164,5.787,7.13,5.729,5.86,5.716,6.843,5.879,7.324,5.5,6.017,6.138,5.456,6.379,8.773,5.763,6.94,6.026
SampleMinimalApi,SampleMinimalApi-Net6-Arm64-YesTC-NoR2R-YesPreJIT-5120,dotnet6,arm64,yes,no,yes,1900728,5120MB,100,444.994,192.795,270.061,30.681,4.887,3.465,3.241,2.782,2.548,2.586,2.596,2.561,2.766,2.714,2.408,2.892,3.199,3.468,3.585,3.363,3.182,3.421,3.205,3.235,3.416,3.235,3.143,3.265,2.77,2.902,2.741,3.038,2.76,2.797,3.154,2.551,2.862,2.723,2.559,2.682,2.505,2.534,2.502,2.445,2.438,2.468,2.696,2.588,2.435,2.433,2.626,2.501,2.364,2.515,2.454,2.632,2.479,2.528,2.491,2.424,2.507,2.486,2.481,2.489,2.505,2.7,2.601,2.376,2.581,2.439,2.579,2.414,2.453,2.495,2.562,2.568,2.59,2.578,2.604,2.541,2.463,2.626,2.534,2.815,2.968,2.641,2.965,2.534,2.586,2.569,2.589,2.538,2.519,2.555,2.831,2.755,2.528,2.592,2.736,2.606,2.543,2.622,2.642
SampleMinimalApi,SampleMinimalApi-Net6-Arm64-YesTC-YesR2R-NoPreJIT-1024,dotnet6,arm64,yes,yes,no,3087181,1024MB,100,456.11,288.288,316.138,8.016,4.901,4.754,3.835,3.048,3.093,2.831,2.915,3.396,3.06,2.96,3.109,3.192,3.811,3.87,3.75,3.355,3.769,4.771,3.385,4.205,3.537,4.297,3.509,3.483,3.233,3.081,3.666,3.101,3.438,3.337,2.885,2.984,2.969,2.653,2.95,2.92,2.857,2.844,2.956,2.687,2.959,3.273,2.886,3.074,2.792,3.015,2.755,2.894,2.716,2.741,2.709,2.904,2.73,2.994,3.024,2.714,2.885,2.991,3.082,3.223,2.93,2.977,2.982,3.079,2.941,2.846,2.895,3.126,3.285,3.597,3.076,3.351,3.139,3.453,3.147,3.586,3.06,3.063,2.954,3.04,3.12,3.369,2.907,3.232,3.394,3.415,3.181,2.982,2.97,3.234,3.468,2.901,2.904,3.066,3.303,3.003,3.127,3.092,3.193
SampleMinimalApi,SampleMinimalApi-Net6-Arm64-YesTC-YesR2R-NoPreJIT-128,dotnet6,arm64,yes,yes,no,3087181,128MB,144,456.492,2641.024,5577.603,13.613,104.356,51.718,31.857,38.719,38.102,31.816,32.374,29.65,49.178,58.312,57.264,45.54,54.763,51.668,45.26,44.541,44.349,36.958,41.546,44.101,39.245,43.264,44.028,41.321,48.431,49.039,50.139,58.891,65.719,60.517,73.305,83.668,72.947,61.612,55.465,60.216,80.509,68.626,73.364,78.955,67.101,54.02,60.852,56.956,54.282,61.758,67.869,63.064,65.468,60.496,61.057,61.127,53.253,54.809,59.062,62.603,61.873,61.052,61.483,66.608,60.486,59.546,65.94,57.526,53.148,57.195,61.023,50.488,58.666,56.551,58.413,61.286,64.735,62.742,66.095,63.822,60.281,60.97,58.244,54.933,59.676,60.241,54.53,52.358,58.065,56.443,52.834,54.265,54.689,48.676,46.278,52.922,51.475,57.699,51.637,56.553,54.983,55.477,50.584
SampleMinimalApi,SampleMinimalApi-Net6-Arm64-YesTC-YesR2R-NoPreJIT-1769,dotnet6,arm64,yes,yes,no,3087181,1769MB,100,455.665,171.542,301.552,10.83,5.016,4.781,3.741,3.122,2.913,2.782,2.715,3.065,2.869,2.706,2.734,2.733,2.954,2.638,2.987,3.692,2.887,3.228,3.367,2.929,4.147,3.742,3.587,3.521,3.41,3.729,3.616,3.593,3.349,2.996,2.916,2.876,3.038,2.893,3.028,2.79,2.79,2.775,2.686,2.787,2.739,2.774,2.832,2.842,2.98,3.062,2.826,2.657,2.865,2.728,2.865,2.696,2.905,2.897,2.964,2.852,2.752,2.935,2.839,2.893,3.095,2.995,2.829,2.848,2.829,2.901,3.019,3.145,3.144,3.101,2.953,2.904,2.939,2.889,3.01,3.041,2.978,2.908,2.996,2.867,3.038,3.027,2.952,2.951,2.862,2.992,3.033,3.011,2.872,3.395,3.15,2.976,3.181,2.971,2.954,3.038,2.971,2.821,2.936
SampleMinimalApi,SampleMinimalApi-Net6-Arm64-YesTC-YesR2R-NoPreJIT-256,dotnet6,arm64,yes,yes,no,3087181,256MB,100,454.249,1276.868,1861.216,10.404,37.432,16.725,12.787,9.611,11.593,11.72,14.255,12.875,10.464,16.226,10.694,13.134,14.285,17.788,17.054,16.073,16.997,17.856,16.197,13.593,15.696,12.325,16.404,15.083,19.074,14.218,12.888,14.318,16.606,12.487,10.29,12.07,11.458,10.95,11.399,11.938,13.387,14.71,15.284,18.823,17.242,18.051,16.472,16.406,18.112,18.006,18.243,16.03,15.119,17.684,19.247,19.938,19.943,23.088,23.335,21.835,20.872,24.723,22.734,21.958,23.027,23.805,21.969,22.458,26.238,20.692,21.603,26.276,24.255,22.813,25.827,23.248,21.474,25.67,23.807,26.287,23.429,25.697,27.222,22.835,23.08,20.399,20.966,21.689,21.139,24.207,22.543,21.802,21.878,24.072,19.681,21.534,22.68,20.019,20.674,22.398,20.239,20.91,16.871
SampleMinimalApi,SampleMinimalApi-Net6-Arm64-YesTC-YesR2R-NoPreJIT-512,dotnet6,arm64,yes,yes,no,3087181,512MB,100,455.745,611.457,541.809,7.651,9.332,6.09,5.161,3.422,3.927,4.147,4.482,4.257,4.252,4.678,5.065,5.593,4.806,6.475,7.177,5.528,5.475,6.627,7.563,5.915,5.504,5.186,6.69,5.602,4.935,4.999,5.374,4.783,5.845,5.49,5.027,4.605,4.736,3.607,3.888,3.723,4.968,3.963,4.687,4.409,3.444,4.166,5.116,5.326,3.923,4.847,5.43,5.545,5.109,4.131,5.155,5.567,5.321,4.892,4.664,4.27,4.713,6.47,5.33,5.672,5.622,5.553,4.554,6.05,5.33,5.51,4.746,4.999,4.896,5.647,5.477,6.44,6.539,6.222,6.452,5.76,6.444,5.643,6.902,6.562,6.798,6.449,6.521,5.849,6.452,7.21,7.497,6.805,5.872,5.232,6.983,5.171,6.7,6.674,5.282,6.043,6.517,5.76,5.568
SampleMinimalApi,SampleMinimalApi-Net6-Arm64-YesTC-YesR2R-NoPreJIT-5120,dotnet6,arm64,yes,yes,no,3087181,5120MB,100,418.941,155.58,271.419,28.281,4.914,3.889,3.211,2.866,2.703,2.603,2.68,2.867,3.222,2.886,2.839,2.789,2.524,2.574,2.819,3.09,3.224,3.514,3.052,3.369,3.194,3.13,3.007,2.964,3.377,2.866,2.976,2.853,2.851,3.075,2.936,2.643,2.716,2.776,2.694,2.555,2.674,2.83,2.37,2.429,2.431,2.573,2.504,2.611,2.499,2.474,2.513,2.454,2.498,2.557,2.703,2.669,2.43,2.423,2.495,2.514,2.495,2.444,2.376,2.664,2.579,2.568,2.492,2.571,2.455,2.452,2.559,2.729,2.499,2.435,2.614,2.616,2.717,2.713,2.521,2.77,2.684,2.575,2.599,2.657,2.692,2.6,2.621,2.46,2.771,2.574,2.67,2.773,2.689,2.695,2.767,2.661,2.577,2.626,2.627,2.72,2.751,2.676,2.792
SampleMinimalApi,SampleMinimalApi-Net6-Arm64-YesTC-YesR2R-YesPreJIT-1024,dotnet6,arm64,yes,yes,yes,3087181,1024MB,100,466.583,273.922,312.084,7.774,5.095,4.639,3.444,3.072,2.943,2.861,2.913,2.965,3.484,2.954,3.235,3.784,3.619,3.743,3.317,3.458,3.275,3.204,3.8,3.579,4.174,3.799,3.425,3.404,3.125,3.685,3.415,3.231,3.249,3.323,3.082,3.151,3.236,2.884,3.25,2.824,2.87,2.758,2.97,2.819,2.855,2.721,2.696,2.79,2.907,2.924,3.061,2.89,2.893,2.719,2.93,2.951,3.079,2.984,3.044,2.81,2.867,2.729,2.84,2.946,2.805,3.195,3.079,3.103,3.267,3.297,3.045,3.032,3.199,3.195,3.253,3.037,3.013,3.182,3.185,3.102,3.162,2.904,2.919,3.547,3.334,2.952,3.123,2.927,3.218,3.029,3.212,3.396,2.955,3.046,2.886,2.942,2.904,2.919,3.007,3.237,2.9,2.939,2.945
SampleMinimalApi,SampleMinimalApi-Net6-Arm64-YesTC-YesR2R-YesPreJIT-128,dotnet6,arm64,yes,yes,yes,3087181,128MB,145,469.038,2478.657,5650.487,13.462,94.977,44.781,30.101,41.948,36.192,33.83,32.713,37.589,46.737,52.101,49.745,46.337,54.145,47.029,50.127,42.298,46.244,38.461,42.232,38.231,44.584,46.784,44.729,46.31,53.503,47.592,60.57,51.813,71.58,71.282,57.56,58.627,54.91,51.726,64.316,66.148,62.016,75.906,68.409,62.862,59.914,72.662,65.326,67.082,70.852,67.474,63.029,64.002,63.885,65.425,56.415,67.32,73.166,63.364,73.884,70.786,56.723,63.321,71.043,67.775,65.62,62.769,71.424,73.418,61.329,63.939,66.29,64.437,61.903,56.86,60.497,56.517,62.356,67.824,57.336,58.934,55.676,63.555,51.753,57.844,55.342,53.961,60.529,53.673,57.452,60.809,54.567,50.348,54.661,52.134,49.915,53.451,52.285,53.98,56.022,54.738,46.54,47.124,52.181
SampleMinimalApi,SampleMinimalApi-Net6-Arm64-YesTC-YesR2R-YesPreJIT-1769,dotnet6,arm64,yes,yes,yes,3087181,1769MB,100,466.552,160.652,302.48,10.602,4.837,4.747,3.6,3.08,2.878,2.737,2.863,3.281,3.022,2.67,2.638,2.71,2.836,3.039,2.928,3.281,3.514,3.237,3.445,3.459,3.767,3.826,3.726,3.318,3.279,3.043,3.339,3.056,3.189,3.052,2.967,2.8,2.938,3.095,2.981,2.825,2.942,2.632,2.91,2.705,2.792,2.606,2.954,2.756,2.779,2.965,2.874,2.684,2.847,3.081,2.836,3.214,2.794,3.01,2.858,2.991,2.972,2.948,2.865,3.062,3.007,3.024,2.905,2.82,2.856,2.766,2.822,2.924,2.901,2.974,3.309,2.934,2.91,3.125,3.265,3,2.968,3.214,3.164,3.007,3.208,2.888,3.053,3.13,3.039,3.104,2.951,3.077,2.842,3.098,2.961,3.19,2.911,2.971,2.938,3.029,2.891,3.362,2.865
SampleMinimalApi,SampleMinimalApi-Net6-Arm64-YesTC-YesR2R-YesPreJIT-256,dotnet6,arm64,yes,yes,yes,3087181,256MB,100,467.332,1217.603,1840.325,10.117,34.527,16.086,10.297,10.131,6.453,12.315,16.221,13.854,11.282,11.336,12.966,13.381,11.179,13.983,16.409,17.769,17.731,18.584,17.941,15.312,11.37,16.065,12.413,12.071,11.057,14.979,15.753,11.338,11.55,12.083,11.398,11.034,12.611,12.372,15.676,13.235,13.269,14.015,13.609,16.972,17.577,18.663,16.372,16.849,18.017,16.162,17.633,18.282,19.666,17.765,19.266,20.231,18.902,20.181,16.274,23.068,22.778,23.956,22.644,21.235,21.687,26.731,24.938,21.595,20.772,22.278,21.738,23.683,25.147,24.511,21.488,26.39,21.462,22.879,20.231,20.91,26.492,25.635,25.285,26.603,24.02,27.014,23.432,22.545,21.567,22.205,20.586,21.902,22.839,23.398,20.276,22.93,22.538,19.169,21.127,21.581,21.02,22.776,22.801
SampleMinimalApi,SampleMinimalApi-Net6-Arm64-YesTC-YesR2R-YesPreJIT-512,dotnet6,arm64,yes,yes,yes,3087181,512MB,100,467.404,578.308,550.243,7.485,8.272,7.253,4.574,3.692,3.835,3.391,4.608,3.906,4.257,3.766,5.532,4.575,5.629,4.93,5.954,6.204,6.286,6.662,6.41,5.284,4.8,6.468,6.65,7.433,5.255,7.282,6.003,4.975,5.334,4.341,5.355,4.654,4.422,4.701,4.408,4.661,4.207,4.649,4.26,3.545,4.012,4.464,4.34,3.828,4.349,4.412,5.327,4.753,4.595,6.54,5.672,6.355,5.153,6.384,5.285,5.726,6.248,5.552,6.312,5.756,5.74,7.164,5.27,5.821,5.973,6.361,5.552,6.138,6.911,6.337,7.009,5.191,5.239,5.864,4.932,7.056,5.141,5.569,5.912,5.895,6.456,6.76,6.097,5.403,7.566,6.495,7.283,5.521,5.58,5.032,6.314,5.004,5.479,6.016,6.376,6.646,7.663,6.184,5.81
SampleMinimalApi,SampleMinimalApi-Net6-Arm64-YesTC-YesR2R-YesPreJIT-5120,dotnet6,arm64,yes,yes,yes,3087181,5120MB,100,432.268,146.706,277.317,28.098,4.678,3.921,3.213,2.898,2.658,2.543,2.627,2.746,2.773,3.01,2.992,2.845,2.631,2.714,2.918,2.964,3.129,3.206,3.421,3.494,3.113,2.928,3.274,3.096,3.334,2.84,2.956,2.622,3.086,2.914,3.077,2.964,2.638,2.812,2.798,2.645,2.589,2.703,2.664,2.474,2.46,2.632,2.492,2.664,2.7,2.488,2.524,2.61,2.57,2.629,2.482,2.548,2.638,2.616,2.513,2.502,2.54,2.626,2.576,2.551,2.642,2.626,2.449,4.816,3.825,2.49,2.624,2.576,2.608,2.659,2.765,2.581,2.77,2.54,2.596,2.846,2.633,2.728,2.739,2.677,2.746,2.652,2.697,2.627,2.596,2.652,2.771,2.539,2.606,2.711,2.613,2.753,2.783,2.742,2.655,2.651,2.904,2.613,2.551
SampleMinimalApi,SampleMinimalApi-Net6-x64-NoTC-NoR2R-NoPreJIT-1024,dotnet6,x86_64,no,no,no,1924305,1024MB,100,483.415,383.037,249.422,10.5,4.077,4.347,2.999,2.666,2.52,2.749,2.945,2.646,2.331,2.533,2.582,2.561,2.572,2.347,2.767,2.376,2.405,2.571,2.685,2.482,2.624,2.382,2.414,2.576,2.345,2.441,2.547,2.585,2.572,2.429,2.351,2.31,2.332,2.322,2.293,2.276,2.33,2.843,2.328,2.318,2.466,2.289,2.265,2.363,2.243,2.28,2.365,2.293,2.228,2.33,2.298,2.434,2.449,2.339,2.591,2.394,2.503,2.437,2.485,2.45,2.531,2.411,2.504,2.565,2.406,2.477,2.458,2.483,2.424,2.576,2.535,2.57,2.478,2.476,2.434,2.357,2.842,2.669,2.465,2.823,2.72,2.533,2.369,2.529,2.407,2.518,2.653,2.697,2.568,2.455,2.348,2.378,2.382,2.406,2.503,2.811,2.427,2.487,2.466
SampleMinimalApi,SampleMinimalApi-Net6-x64-NoTC-NoR2R-NoPreJIT-128,dotnet6,x86_64,no,no,no,1924305,128MB,196,477.972,3376.448,1585.06,10.302,64.419,39.965,20.746,15.917,14.916,14.689,13.595,14.033,14.166,12.664,13.287,13.096,14.671,12.547,14.333,12.161,11.808,13.136,11.714,13.103,13.029,13.552,12.615,14.112,12.301,13.081,13.845,13.071,14.236,14.535,13.441,15.877,14.414,14.491,15.86,14.24,17.123,15.216,17.335,15.965,17.355,16.513,15.57,16.406,16.274,14.049,16.58,15.753,17.018,16.232,14.342,15.359,14.213,16.932,15.537,14.931,14.26,16.36,17.142,14.793,16.209,16.359,16.179,15.716,15.173,16.284,16.535,15.128,14.651,16.447,15.103,16.687,15.201,16.397,15.493,15.391,16.212,14.394,15.931,15.638,14.737,15.904,16.456,16.739,16.771,16.218,15.65,16.899,16.186,16.799,17.471,17.554,15.774,16.866,16.333,15.054,17.153,15.761,16.683
SampleMinimalApi,SampleMinimalApi-Net6-x64-NoTC-NoR2R-NoPreJIT-1769,dotnet6,x86_64,no,no,no,1924305,1769MB,100,491.267,227.394,248.738,13.635,3.774,3.829,2.929,2.817,2.572,2.732,3.159,3.146,2.368,2.694,2.706,2.575,2.518,2.435,2.589,2.818,2.685,2.62,2.469,2.475,2.57,2.364,2.361,2.538,2.47,2.842,2.42,2.352,2.619,2.338,2.483,2.292,2.449,2.377,2.226,2.205,2.413,2.379,2.415,2.317,2.226,2.367,2.298,2.466,2.525,2.581,2.238,2.447,2.356,2.432,2.505,2.358,2.44,2.33,2.301,2.411,2.395,2.368,2.361,2.537,2.457,2.547,2.427,2.577,2.31,2.443,2.412,2.664,2.512,2.682,2.614,2.537,2.445,2.43,2.441,2.428,2.485,2.339,2.538,2.398,2.433,2.453,2.355,2.621,2.512,2.449,2.443,2.39,2.51,2.588,2.433,2.381,2.483,2.422,2.465,2.355,2.485,2.441,2.555
SampleMinimalApi,SampleMinimalApi-Net6-x64-NoTC-NoR2R-NoPreJIT-256,dotnet6,x86_64,no,no,no,1924305,256MB,100,487.607,1685.274,470.81,8.967,29.284,12.324,8.284,6.732,5.842,4.177,4.347,4.547,3.795,4.331,3.739,4.092,3.363,4.664,4.271,4.069,5.162,5.162,4.066,5.228,4.178,4.788,4.021,4.149,3.425,4.186,4.148,3.676,4.479,3.44,3.989,4.229,3.376,4.48,3.168,3.481,4.458,3.307,3.919,4.192,4.499,3.752,3.777,4.552,6.037,3.952,5.099,5.294,5.03,4.824,5.078,4.313,4.98,6.55,4.911,4.533,5.516,4.709,5.073,4.502,4.293,4.032,4.697,4.517,4.053,4.66,4.512,4.714,4.522,3.836,3.402,3.515,4.008,3.865,4.208,3.855,4.332,3.998,4.701,4.177,4.869,3.827,5.435,4.026,4.818,4.011,4.368,4.031,4.367,4.02,4.476,4.234,5.001,3.851,4.339,4.456,4.776,4.52,3.941
SampleMinimalApi,SampleMinimalApi-Net6-x64-NoTC-NoR2R-NoPreJIT-512,dotnet6,x86_64,no,no,no,1924305,512MB,100,476.731,803.532,253.655,8.79,5.316,4.38,3.505,2.82,3.166,2.743,2.884,3.201,2.999,2.399,2.652,2.408,2.371,2.664,2.47,2.432,2.565,2.729,2.51,2.432,2.3,2.422,2.598,2.825,2.622,2.422,2.392,2.318,3.201,2.292,2.248,2.308,2.184,2.26,2.335,2.286,2.391,2.148,2.316,2.44,2.257,2.968,2.381,2.278,2.344,2.382,2.378,2.555,2.586,2.356,2.32,2.433,2.345,2.879,2.573,2.44,2.406,2.477,2.434,2.445,2.632,2.513,2.467,2.661,2.551,2.671,2.38,2.333,2.591,2.42,2.521,2.439,2.339,2.707,2.468,2.455,2.57,2.395,2.416,2.801,2.445,2.503,2.449,2.436,2.376,2.493,2.269,2.414,2.379,2.434,2.726,2.786,2.378,2.521,2.423,2.719,2.441,2.578,2.373
SampleMinimalApi,SampleMinimalApi-Net6-x64-NoTC-NoR2R-NoPreJIT-5120,dotnet6,x86_64,no,no,no,1924305,5120MB,100,442.296,211.496,248.768,38.147,4.49,3.738,2.774,2.717,2.777,2.832,3.054,2.932,2.607,2.481,2.344,2.848,2.359,2.6,2.455,2.582,2.684,2.41,2.659,2.619,2.671,2.412,2.704,2.395,2.663,2.583,2.358,2.758,2.308,2.388,2.315,2.336,2.312,2.323,2.301,2.431,2.369,2.521,2.241,2.308,2.4,2.286,2.513,2.364,2.289,2.279,2.382,2.51,2.363,2.499,2.368,2.226,2.389,2.373,2.465,2.395,2.286,2.356,2.404,2.617,2.367,2.637,2.477,2.554,2.471,2.435,2.659,2.504,2.54,2.396,2.546,2.713,2.396,2.449,2.367,2.362,2.519,2.639,2.433,2.445,2.504,2.388,2.419,2.486,2.386,2.53,2.44,2.352,2.447,2.475,2.425,2.451,2.481,2.573,2.34,2.357,2.512,2.378,2.5
SampleMinimalApi,SampleMinimalApi-Net6-x64-NoTC-NoR2R-YesPreJIT-1024,dotnet6,x86_64,no,no,yes,1924305,1024MB,100,500.979,379.217,249.137,10.433,3.901,4.295,2.874,2.654,2.785,2.879,2.66,3.231,2.451,2.473,2.706,2.622,2.626,2.329,2.577,2.361,2.492,2.357,2.389,2.364,2.809,2.859,2.606,2.388,2.492,2.531,2.493,2.784,2.471,2.561,2.277,2.377,2.376,2.498,2.313,2.151,2.419,2.289,2.268,2.421,2.34,2.226,2.247,2.514,2.322,2.447,2.3,2.216,2.456,2.3,2.253,2.425,2.524,2.332,2.391,2.454,2.472,2.324,2.537,2.428,2.592,2.407,2.529,2.773,2.396,2.448,2.48,2.58,2.507,2.363,2.562,2.399,2.457,2.477,2.485,2.487,2.455,2.381,2.359,2.428,2.791,2.386,2.442,2.625,2.647,2.718,2.573,2.675,2.389,2.411,2.42,2.518,2.468,2.307,2.365,2.563,2.573,2.404,2.385
SampleMinimalApi,SampleMinimalApi-Net6-x64-NoTC-NoR2R-YesPreJIT-128,dotnet6,x86_64,no,no,yes,1924305,128MB,193,495.309,3370.587,1653.881,10.432,64.886,36.536,19.998,17.152,14.081,15.083,14.679,14.872,13.35,13.106,15.195,13.74,15.388,13.461,14.706,14.965,13.045,13.952,13.067,14.421,14.152,13.161,12.782,13.481,14.393,13.592,12.391,18.835,15.976,15.325,14.793,14.641,14.98,15.836,17.65,14.744,15.386,18.39,16.231,16.652,16.048,18.092,18.175,17.697,17.698,16.887,15.334,18.123,16.606,17.098,14.907,16.389,16.629,16.006,17.178,16.763,16.058,15.759,17.008,17.708,15.975,17.87,15.818,16.291,16.917,16.039,15.596,15.98,16.35,17.265,16.647,16.324,15.998,18.08,15.066,16.98,18.179,16.222,17.338,15.9,17.403,18.124,16.263,16.664,16.023,16.063,16.189,16.94,16.486,16.099,16.714,16.173,16.545,16.773,17.934,16.977,16.074,17.198,17.166
SampleMinimalApi,SampleMinimalApi-Net6-x64-NoTC-NoR2R-YesPreJIT-1769,dotnet6,x86_64,no,no,yes,1924305,1769MB,100,506.891,225.9,253.405,13.732,4.016,4.255,3.048,2.836,2.994,3.564,2.883,2.771,2.429,2.473,2.833,2.792,2.539,3.01,2.627,2.723,2.848,2.955,2.687,2.485,2.714,2.684,2.68,2.615,2.729,2.642,2.466,2.544,2.356,2.359,2.315,2.325,2.351,2.289,2.329,2.253,2.477,2.342,2.481,2.357,2.314,2.391,2.303,2.264,2.319,2.346,2.34,2.342,2.372,2.426,2.336,2.424,2.422,2.459,2.468,2.414,2.449,2.489,2.574,2.66,2.376,2.438,2.558,2.549,2.425,2.409,2.519,2.666,2.433,2.556,2.519,2.459,2.579,2.57,2.465,2.434,2.794,2.452,2.492,2.689,2.613,2.436,2.331,2.54,2.451,2.586,2.38,2.488,2.609,2.484,2.382,2.512,2.424,2.472,2.46,2.482,2.383,2.416,2.388
SampleMinimalApi,SampleMinimalApi-Net6-x64-NoTC-NoR2R-YesPreJIT-256,dotnet6,x86_64,no,no,yes,1924305,256MB,100,500.371,1672.708,474.603,8.931,29.28,13.059,7.856,6.159,5.716,4.22,3.729,4.216,4.212,3.613,4.802,3.981,5.021,4.1,3.632,3.6,3.777,4.953,4.212,4.873,5.967,4.73,4.378,4.092,4.201,4.111,4.311,4.342,3.152,3.155,3.638,3.357,3.471,4.418,4.374,3.647,3.799,3.633,3.248,4.098,4.116,3.524,4.68,4.832,3.51,4.749,4.016,4.327,5.599,4.164,4.669,5.696,4.351,5.646,4.546,6.678,4.929,4.515,4.769,4.479,4.588,4.256,4.134,5.428,6.171,4.547,5.031,4.22,4.608,4.744,4.699,4.844,4.356,4.794,4.524,4.336,3.804,4.313,4.194,4.563,4.025,4.71,4.872,4.538,3.892,4.598,4.521,4.571,4.423,4.827,3.976,4.061,4.343,4.276,4.61,4.934,4.486,3.989,3.874
SampleMinimalApi,SampleMinimalApi-Net6-x64-NoTC-NoR2R-YesPreJIT-512,dotnet6,x86_64,no,no,yes,1924305,512MB,100,491.722,797.438,253.231,8.735,5.505,4.188,3.169,2.627,3.031,3.263,4.339,2.753,2.475,2.45,2.462,2.709,2.505,2.662,2.474,2.37,2.483,2.697,2.778,2.308,2.558,2.572,2.44,2.334,2.406,2.456,2.634,2.648,2.429,2.453,2.253,2.362,2.265,2.363,2.403,2.241,2.167,2.386,2.36,2.483,2.28,2.214,2.174,2.502,2.403,2.422,2.297,2.301,2.28,2.284,2.507,2.468,2.401,2.548,2.551,2.866,2.572,2.498,2.803,2.444,2.496,2.354,2.537,2.598,2.599,2.419,2.533,2.504,2.413,2.467,2.43,2.608,2.687,2.424,2.314,2.493,2.396,2.348,2.505,2.439,2.459,2.407,2.521,2.916,2.614,2.323,2.478,2.414,2.575,2.461,2.387,2.525,2.44,2.404,2.454,2.426,2.531,2.597,2.459
SampleMinimalApi,SampleMinimalApi-Net6-x64-NoTC-NoR2R-YesPreJIT-5120,dotnet6,x86_64,no,no,yes,1924305,5120MB,100,471.601,211.294,255.267,38.663,5.156,4.07,3.124,2.785,2.697,2.722,2.854,2.743,3.051,2.479,2.548,2.775,2.756,2.5,2.978,2.763,2.507,2.606,2.447,2.452,2.6,2.554,2.583,2.818,2.514,2.541,2.512,2.58,2.264,2.283,2.375,2.367,3.231,2.696,2.476,2.565,2.266,2.335,2.299,2.364,2.439,2.377,2.309,2.446,2.477,2.504,2.272,2.349,2.298,2.414,2.41,2.289,2.281,2.608,2.272,2.442,2.411,2.54,2.38,2.698,2.473,2.541,2.405,2.477,2.435,2.494,2.456,2.675,2.49,2.713,2.52,2.558,2.446,2.41,2.713,2.36,2.534,2.716,2.488,2.725,2.488,2.417,2.501,2.535,2.521,2.533,2.729,2.593,2.389,2.536,2.575,2.475,2.539,2.8,2.503,2.5,2.356,2.595,2.611
SampleMinimalApi,SampleMinimalApi-Net6-x64-NoTC-YesR2R-NoPreJIT-1024,dotnet6,x86_64,no,yes,no,3242574,1024MB,100,453.445,295.447,251.077,9.069,4.279,4.204,3.117,2.807,2.801,2.945,3.26,2.591,2.48,2.491,2.434,2.687,2.464,2.557,2.401,2.477,2.6,2.532,2.738,2.538,2.674,2.567,2.616,2.672,2.84,2.535,2.616,2.494,2.557,2.453,2.315,2.385,2.395,2.387,2.237,2.284,2.398,2.555,2.403,2.318,2.363,2.418,2.261,2.366,2.217,2.402,2.288,2.415,2.392,2.518,2.36,2.326,2.466,2.409,2.382,2.384,2.4,2.373,2.63,2.367,2.395,2.45,2.438,2.412,2.44,2.324,2.737,2.401,2.559,2.44,2.49,2.41,2.462,2.549,2.529,2.454,2.43,2.628,2.464,2.474,2.505,2.558,2.513,2.543,2.391,2.859,2.389,2.498,2.425,2.48,2.436,2.984,2.358,2.46,2.516,2.417,2.633,2.417,2.377
SampleMinimalApi,SampleMinimalApi-Net6-x64-NoTC-YesR2R-NoPreJIT-128,dotnet6,x86_64,no,yes,no,3242574,128MB,100,458.845,2646.063,1697.626,9.013,61.392,42.064,22.002,16.792,17.72,13.897,12.755,14.703,15.355,13.438,18.052,15.179,15.561,15.447,13.954,15.448,14.912,14.061,13.78,14.237,15.88,17.327,15.867,15.086,15.043,14.771,14.892,14.728,15.585,15.123,14.846,14.346,17.182,14.82,17.282,14.284,17.428,18.687,15.674,18.997,16.247,15.828,17.655,15.928,16.11,18.525,17.527,16.725,15.732,18.56,19.652,17.148,17.726,17.471,17.707,17.058,17.35,16.294,16.242,16.594,16.501,16.533,15.611,15.68,16.912,17.279,18.167,16.268,17.523,17.352,16.664,18.576,16.357,19.571,17.319,17.621,16.886,17.842,16.072,13.903,17.134,15.9,18.366,13.703,17.998,16.298,14.061,17.111,17.106,17.541,18.176,14.615,16.898,16.966,16.829,18.215,17.311,16.809,17.286
SampleMinimalApi,SampleMinimalApi-Net6-x64-NoTC-YesR2R-NoPreJIT-1769,dotnet6,x86_64,no,yes,no,3242574,1769MB,100,453.825,176.43,246.219,12.098,3.829,4.089,3.217,2.77,2.63,2.797,3.055,2.491,2.427,2.403,2.443,2.562,2.633,2.486,2.339,2.571,2.436,2.367,2.62,2.73,2.678,2.589,2.478,2.619,2.34,2.499,2.395,2.449,2.493,2.363,2.478,2.395,2.312,2.315,2.326,2.318,2.304,2.288,2.236,2.269,2.27,2.318,2.283,2.325,2.357,2.28,2.319,2.32,2.276,2.469,2.332,2.26,2.357,2.389,2.358,2.458,2.389,2.491,2.355,2.438,2.468,2.495,2.4,2.45,2.405,2.513,2.641,2.499,2.553,2.403,2.458,2.449,2.459,2.542,2.556,2.561,2.458,2.386,2.474,2.412,2.365,2.461,2.468,2.614,2.43,2.395,2.359,2.337,2.454,2.438,2.711,2.567,2.38,2.395,2.434,2.391,2.537,2.353,2.467
SampleMinimalApi,SampleMinimalApi-Net6-x64-NoTC-YesR2R-NoPreJIT-256,dotnet6,x86_64,no,yes,no,3242574,256MB,100,455.369,1313.241,431.459,7.252,22.613,11.117,6.142,6.175,4.948,4.756,3.58,4.851,3.287,3.84,3.337,3.48,3.96,3.225,3.995,3.913,3.196,4.223,3.216,3.821,3.77,4.78,3.976,3.283,3.972,4.246,3.173,4.179,3.659,4.177,3.97,3.423,3.188,3.766,3.363,4.509,4.132,3.432,3.914,3.837,3.837,3.931,4.336,4.352,4.363,4.485,3.696,5.2,4.834,3.819,3.509,5.339,4.538,3.885,4.504,4.487,4.715,4.171,3.9,3.966,4.493,5.084,4.25,4.197,4.044,3.473,3.756,3.907,4.534,3.74,4.053,5.245,3.603,3.887,4.337,3.563,4.901,3.855,3.934,4.142,3.736,3.761,4.42,3.729,4.358,4.919,4.247,4.034,3.748,3.935,4.019,3.475,3.76,3.871,3.884,5.135,4.369,4.554,4.218
SampleMinimalApi,SampleMinimalApi-Net6-x64-NoTC-YesR2R-NoPreJIT-512,dotnet6,x86_64,no,yes,no,3242574,512MB,100,459.765,626.032,262.385,7.381,6.118,5.935,3.146,2.816,2.612,3.611,3.881,2.787,2.424,2.937,2.693,2.397,2.484,2.766,2.472,2.525,2.443,2.559,2.605,2.87,2.667,2.635,2.622,2.645,2.648,2.522,2.395,2.619,2.36,2.489,2.319,2.317,2.479,2.24,2.324,2.466,2.349,2.318,2.538,2.543,2.269,2.407,2.282,2.464,2.357,3.045,2.515,2.616,2.424,2.438,2.449,2.444,2.621,2.671,2.476,2.909,2.37,2.495,2.502,2.622,2.359,2.463,2.657,2.729,2.674,2.477,2.733,2.5,2.652,2.53,2.486,2.482,2.53,2.588,2.536,2.743,2.675,2.506,2.537,2.59,2.502,2.521,2.628,2.488,2.7,2.618,2.453,2.651,2.613,2.523,2.499,2.639,2.719,2.346,2.577,2.817,2.481,2.515,2.702
SampleMinimalApi,SampleMinimalApi-Net6-x64-NoTC-YesR2R-NoPreJIT-5120,dotnet6,x86_64,no,yes,no,3242574,5120MB,100,416.017,161.828,246.759,33.848,5.037,4.169,2.916,2.795,2.717,2.697,2.784,2.459,2.367,2.543,2.411,2.306,2.803,2.386,2.419,2.377,2.281,2.498,2.494,2.564,2.426,2.276,2.404,2.479,2.469,2.484,2.415,2.518,2.46,2.482,2.413,2.349,2.269,2.25,2.553,2.323,2.435,2.255,2.417,2.257,2.304,3.105,2.357,2.26,2.442,2.237,2.507,2.387,2.196,2.274,2.322,2.39,2.349,2.393,2.396,2.325,2.521,2.312,2.514,2.454,2.429,2.4,2.378,2.387,2.466,2.411,2.392,2.545,2.467,2.38,2.453,2.316,2.398,2.472,2.418,2.412,2.427,2.417,2.416,2.394,2.415,2.569,2.297,2.396,2.524,2.461,2.542,2.456,2.352,2.635,2.582,2.34,2.494,2.42,2.882,2.503,2.402,2.709,2.406
SampleMinimalApi,SampleMinimalApi-Net6-x64-NoTC-YesR2R-YesPreJIT-1024,dotnet6,x86_64,no,yes,yes,3242574,1024MB,100,470.083,294.763,249.504,9.03,4.179,4.295,2.776,2.85,2.968,3.182,3.311,2.575,2.495,2.59,2.421,2.522,2.695,2.476,2.74,2.798,2.465,2.488,2.459,2.536,2.503,2.553,2.588,2.399,2.603,2.569,2.303,2.372,2.381,2.455,2.335,2.283,2.425,2.415,2.336,2.307,2.27,2.349,2.371,2.354,2.288,2.359,2.23,2.372,2.279,2.382,2.311,2.37,2.252,2.329,2.42,2.495,2.314,2.538,2.425,2.376,2.429,2.38,2.494,2.488,2.417,2.436,2.455,2.502,2.437,2.571,2.414,2.585,2.527,2.491,2.397,2.472,2.37,2.5,2.713,2.564,2.393,2.551,2.491,2.553,2.572,2.537,2.544,2.339,2.503,2.553,2.371,2.667,2.571,2.404,2.432,2.438,2.476,2.459,2.402,2.463,2.485,2.437,2.495
SampleMinimalApi,SampleMinimalApi-Net6-x64-NoTC-YesR2R-YesPreJIT-128,dotnet6,x86_64,no,yes,yes,3242574,128MB,100,469.084,2641.375,1665.781,8.939,69.878,38.693,21.282,14.443,17.004,12.545,16.035,14.034,12.15,12.364,15.645,13.474,15.434,12.63,16.067,14.645,13.409,13.72,13.452,14.959,13.398,15.736,16.055,14.374,13.565,12.933,15.097,16.245,14.201,14.362,14.324,13.231,17.226,14.34,15.707,15.535,16.049,17.784,15.737,18.333,15.287,17.349,15.134,17.219,15.604,20.045,17.074,18.898,17.7,18.04,17.278,16.235,17.309,17.608,16.08,16.908,15.928,16.736,17.644,16.245,17.868,16.405,18.748,12.927,19.612,16.658,17.212,17.744,18.362,16.728,18.769,17.928,15.221,18.619,15.595,16.888,15.475,15.698,16.588,16.556,17.908,15.434,15.62,17.054,16.32,16.1,17.176,15.875,14.467,15.907,16.853,18.191,14.13,17.802,16.283,14.641,17.13,16.533,16.343
SampleMinimalApi,SampleMinimalApi-Net6-x64-NoTC-YesR2R-YesPreJIT-1769,dotnet6,x86_64,no,yes,yes,3242574,1769MB,100,479.751,175.554,255.194,12.327,4.321,4.129,2.93,2.724,2.825,3.253,3.391,2.881,2.46,2.601,2.468,2.507,2.602,2.529,2.633,2.596,2.411,2.481,2.589,2.487,2.504,2.61,2.549,2.46,2.617,2.661,2.529,2.399,2.509,2.344,2.373,2.278,2.352,2.615,2.29,2.392,2.282,2.403,2.299,2.669,2.55,2.499,2.438,2.407,2.452,2.6,3.291,2.669,2.351,2.376,2.503,2.516,2.494,2.508,2.949,2.363,2.462,2.422,2.443,2.378,2.683,2.755,2.751,2.486,2.609,2.555,2.479,2.568,2.453,2.698,2.369,2.417,2.555,2.496,2.526,2.544,2.436,2.658,2.407,2.534,2.416,2.756,2.381,2.431,2.536,2.346,2.429,2.578,2.471,2.426,2.518,2.418,2.679,2.373,2.523,2.731,2.465,2.52,2.602
SampleMinimalApi,SampleMinimalApi-Net6-x64-NoTC-YesR2R-YesPreJIT-256,dotnet6,x86_64,no,yes,yes,3242574,256MB,100,474.695,1318.297,434.907,7.289,29.132,8.81,7.396,5.13,3.971,3.472,3.678,3.222,3.97,5.55,3.636,4.336,4.034,4.826,3.356,3.344,4.067,4.353,4.158,4.133,3.762,4.342,3.943,3.4,3.51,3.813,3.833,3.882,3.468,3.354,3.275,2.828,3.774,3.213,3.363,4.93,3.937,3.99,3.677,4.087,5.068,4.305,4.473,3.581,4.605,3.812,3.736,5.682,4.525,4.361,3.794,4.235,4.521,3.727,3.913,3.899,4.264,3.548,3.716,4.816,3.32,3.662,4.305,4.685,3.329,4.538,4.364,3.928,3.699,5.117,4.28,4.585,4.906,4.084,4.198,4.465,4.193,3.588,5.02,4.928,4.342,3.266,4.58,3.626,4.081,3.75,4.38,3.613,4.476,3.772,3.955,4.067,4.187,4.443,3.896,4.182,3.773,3.854,3.938
SampleMinimalApi,SampleMinimalApi-Net6-x64-NoTC-YesR2R-YesPreJIT-512,dotnet6,x86_64,no,yes,yes,3242574,512MB,100,477.954,627.937,266.472,7.43,5.337,4.28,3.567,3.203,2.855,3.859,3.097,3.014,2.507,2.846,2.455,2.721,2.678,2.75,2.708,2.616,2.975,2.978,2.43,2.496,2.728,2.5,2.756,2.576,2.537,2.967,2.778,2.676,2.752,2.558,2.489,2.437,2.849,2.363,2.405,2.695,2.316,2.463,2.552,2.228,2.459,2.336,2.558,2.48,2.589,2.442,2.458,2.397,2.336,2.566,2.515,2.489,2.768,2.711,2.537,2.404,2.656,2.791,2.628,2.761,2.645,2.534,2.475,2.463,2.797,2.59,2.442,2.745,2.928,2.736,2.682,2.923,2.658,2.675,2.626,2.469,2.848,2.552,2.732,2.509,2.55,2.518,2.477,2.512,2.44,2.581,2.713,2.539,3.255,2.798,2.481,2.523,2.524,2.528,2.523,2.502,2.656,2.618,2.83
SampleMinimalApi,SampleMinimalApi-Net6-x64-NoTC-YesR2R-YesPreJIT-5120,dotnet6,x86_64,no,yes,yes,3242574,5120MB,100,442.927,163.465,253.964,34.578,4.97,4.453,2.721,2.529,2.951,2.799,3.16,2.705,2.448,2.46,2.881,2.441,2.569,2.353,2.673,2.357,2.426,2.668,2.675,2.653,2.552,2.731,2.545,2.588,2.546,2.575,2.515,2.555,2.388,2.804,3.003,2.256,2.614,2.389,2.419,2.489,2.308,2.4,2.358,2.537,2.296,2.401,2.308,2.495,2.393,2.483,2.349,2.385,2.384,2.305,2.364,2.324,2.685,2.517,2.592,2.459,2.567,2.424,2.387,2.38,2.476,2.449,2.51,2.701,2.591,2.537,2.494,2.517,2.917,2.507,2.526,2.665,2.541,2.42,2.489,2.834,2.369,2.583,2.487,2.406,2.516,2.509,2.397,2.709,2.491,2.454,2.44,2.488,2.402,2.425,2.451,2.496,2.415,2.542,2.397,2.481,2.442,2.435,2.499
SampleMinimalApi,SampleMinimalApi-Net6-x64-YesTC-NoR2R-NoPreJIT-1024,dotnet6,x86_64,yes,no,no,1924308,1024MB,100,426.957,297.731,307.32,10.035,4.185,4.182,3.032,2.957,2.923,3.394,3.466,3.26,3.214,3.106,2.949,2.822,2.917,3.062,3.098,3.422,3.054,3.159,3.156,3.016,2.984,3.138,3.524,3.405,3.431,3.412,3.179,3.02,3.417,3.13,2.641,2.988,2.724,2.71,2.811,2.581,2.998,2.743,2.627,2.903,2.747,2.528,2.854,2.892,3.105,3.414,2.713,2.87,2.783,3.059,3.284,2.817,2.843,2.696,3.024,2.815,2.793,3.029,3.091,3.242,3.124,2.891,2.888,3.04,3.264,3.103,3.06,2.855,3.136,3.102,3.403,3.919,3.461,3.66,3.425,2.949,3.28,3.245,3.279,3.366,3.601,3.882,2.976,3.362,2.948,3.155,3.44,2.931,2.77,3.387,3.068,3.008,2.902,2.997,2.967,3.117,2.951,3.14,2.933
SampleMinimalApi,SampleMinimalApi-Net6-x64-YesTC-NoR2R-NoPreJIT-128,dotnet6,x86_64,yes,no,no,1924308,128MB,143,426.709,2758.388,5448.432,16.986,76.309,50.486,32.85,34.388,38.649,29.831,28.153,32.017,32.141,39.991,45.689,46.921,53.726,55.977,50.721,47.559,42.177,39.477,35.62,37.854,27.709,45.564,52.894,63.655,53.332,61.17,56.892,51.728,65.471,49.629,55.289,65.493,48.551,57.488,51.96,64.588,62.483,67.58,67.776,65.218,64.294,68.996,62.889,60.847,73.123,60.712,59.499,66.304,60.832,64.302,65.228,60.947,70.464,65.15,60.656,67.414,59.968,64.72,68.958,65.898,64.91,63.434,60.556,64.418,63.612,48.926,51.363,55.171,55.164,50.501,55.7,58.276,58.494,60.017,54.472,61.721,59.183,51.577,51.921,56.008,55.886,54.229,57.115,49.897,48.984,55.426,47.033,57.664,54.514,58.463,66.514,54.5,54.515,52.266,56.348,45.756,48.93,54.981,53.782
SampleMinimalApi,SampleMinimalApi-Net6-x64-YesTC-NoR2R-NoPreJIT-1769,dotnet6,x86_64,yes,no,no,1924308,1769MB,100,423.792,178.612,290.618,13.428,4.202,4.244,2.924,2.841,2.956,3.548,3.155,2.581,2.467,2.515,2.889,2.869,2.627,2.554,2.875,3.004,2.926,3.455,3.071,2.882,3.078,2.94,2.967,2.866,3.491,3.31,3.484,2.926,3.313,2.793,2.661,3.214,2.946,2.702,2.593,2.727,2.686,2.711,2.64,2.695,2.609,2.694,2.629,2.792,2.818,2.756,2.625,2.747,2.7,2.729,2.599,2.682,3.429,2.768,2.863,2.625,2.788,2.914,2.721,2.748,2.88,3.151,2.777,2.877,3,3.26,2.784,2.874,2.963,2.756,2.837,2.949,3.112,2.874,3.02,3.421,3.339,3.231,3.234,2.811,2.926,2.762,2.791,3.059,3.118,3.264,3.182,3.181,2.866,2.779,2.963,2.868,2.863,3.068,2.872,2.862,2.728,2.914,2.844
SampleMinimalApi,SampleMinimalApi-Net6-x64-YesTC-NoR2R-NoPreJIT-256,dotnet6,x86_64,yes,no,no,1924308,256MB,100,428.885,1333.1,1756.799,12.802,31.622,14.031,12.202,9.279,9.419,8.237,9.501,10.754,8.933,11.05,10.635,12.172,11.489,12.119,12.097,17.366,13.381,13.752,14.869,12.528,15.876,15.018,13.849,13.701,16.327,13.823,19.056,13.243,14.911,10.657,11.847,11.538,10.907,10.962,10.72,13.186,15.935,16.059,16.672,15.413,15.357,17.424,16.731,17.105,18.541,18.325,16.799,19.125,21.279,23.823,23.286,18.29,20.31,23.736,26.153,19.138,21.273,18.754,21.726,21.759,24.765,25.206,27.424,26.716,22.394,21.409,24.171,20.646,20.63,20.155,21.946,26.124,21.042,20.681,19.978,19.684,23.491,21.502,19.393,22.565,22.37,20.726,24.468,18.876,18.994,19.381,21.48,17.856,19.46,19.356,16.977,16.828,19.5,21.244,21.292,16.214,20.932,19.515,17.34
SampleMinimalApi,SampleMinimalApi-Net6-x64-YesTC-NoR2R-NoPreJIT-512,dotnet6,x86_64,yes,no,no,1924308,512MB,100,426.995,632.831,532.398,9.649,7.143,5.059,3.92,4.116,4.874,3.504,3.743,4.209,3.74,4.239,4.63,4.531,3.348,4.031,3.768,5.405,4.989,4.783,4.742,4.858,4.167,5.291,5.793,5.146,5.274,5.748,6.205,4.788,4.151,4.979,4.323,4.799,5.341,3.93,4.869,4.114,4.294,4.714,4.705,5.179,4.436,4.654,4.75,5.76,4.901,5.118,4.525,4.751,4.68,5.251,4.547,6.28,6.699,5.171,6.036,5.335,5.234,4.717,5.501,5.308,5.671,5.402,5.954,6.241,4.68,4.599,6.168,5.555,6.848,7.291,5.663,5.928,5.08,5.383,6.498,5.766,6.849,7.23,6.165,6.443,4.755,7.029,7.034,7.787,8.371,6.212,5.902,6.68,7.228,5.356,6.823,6.989,5.854,6.003,4.929,6.421,5.832,5.354,7.338
SampleMinimalApi,SampleMinimalApi-Net6-x64-YesTC-NoR2R-NoPreJIT-5120,dotnet6,x86_64,yes,no,no,1924308,5120MB,100,403.099,169.168,274.406,36.736,5.184,3.625,2.914,2.591,2.694,2.99,3.09,2.77,2.924,2.737,2.688,2.602,2.636,2.697,2.415,2.735,2.9,3.113,2.958,3.237,2.826,3.057,2.815,2.735,2.76,3.181,3.204,2.752,2.707,2.906,2.743,2.956,2.611,2.919,2.687,2.718,2.632,2.528,2.693,2.656,2.541,2.721,2.809,2.745,2.994,2.447,2.715,2.597,2.457,2.507,2.714,2.855,2.755,2.719,2.625,3.103,2.62,2.981,2.899,2.531,2.56,2.435,2.609,2.828,2.828,2.993,2.522,2.6,2.637,2.555,2.9,2.596,2.66,2.513,2.924,2.584,2.859,2.618,2.766,2.569,2.623,2.438,2.625,3.22,2.772,2.545,2.615,2.482,2.548,2.5,2.714,2.926,2.682,2.759,3.056,2.592,2.648,2.444,2.743
SampleMinimalApi,SampleMinimalApi-Net6-x64-YesTC-NoR2R-YesPreJIT-1024,dotnet6,x86_64,yes,no,yes,1924308,1024MB,100,449.994,298.4,307.612,10.049,4.43,4.789,2.924,2.78,2.754,4.014,3.458,2.878,3.007,3.318,2.886,2.691,3.145,3.564,2.971,2.994,3.004,3.129,3.035,3.217,3.229,2.998,3.241,3.27,2.96,3.114,3.001,3.031,2.985,2.934,2.764,2.903,2.905,2.986,3.08,2.885,2.565,2.696,2.875,2.577,2.842,2.829,3.249,3.074,2.872,2.64,3.036,2.814,2.653,2.972,2.931,2.777,3.975,2.816,3.196,3.035,3.774,3.471,3.103,2.802,3.443,3.049,2.839,3.462,3.518,3.875,3.192,3.274,3.127,2.969,3.365,2.947,3.067,3.265,3.106,2.874,3.311,2.949,3.117,3.623,3.215,2.996,3.05,3.017,3.004,2.994,3.542,3.074,2.948,3.065,3.063,2.919,3.136,3.343,3.179,2.943,3.06,2.762,3.091
SampleMinimalApi,SampleMinimalApi-Net6-x64-YesTC-NoR2R-YesPreJIT-128,dotnet6,x86_64,yes,no,yes,1924308,128MB,142,446.824,2754.416,5455.627,16.997,75.072,55.167,36.416,42.187,37.61,37.048,33.002,40.261,39.779,42.111,45.164,47.06,51.821,48.828,50.935,46.772,47.686,44.026,46.12,39.276,45.353,37.069,46.954,45.177,48.323,52.866,51.706,64.175,50.48,45.333,60.444,47.872,58.405,78.306,55.848,52.024,57.184,48.901,64.727,59.231,63.326,67.836,70.661,63.261,65.257,60.153,55.146,60.036,64.821,52.501,54.34,70.464,68.333,61.942,77.479,63.345,62.1,63.188,56.386,57.863,69.543,61.358,59.536,62.653,64.211,59.006,60.362,62.954,62.384,54.374,58.176,54.184,57.16,58.02,53.879,60.443,54.459,53.467,48.446,58.845,52.133,49.049,50.509,64.781,60.329,58.268,51.877,59.851,53.191,52.675,51.895,51.456,64.249,56.538,59.932,48.758,55.28,54.942,51.299
SampleMinimalApi,SampleMinimalApi-Net6-x64-YesTC-NoR2R-YesPreJIT-1769,dotnet6,x86_64,yes,no,yes,1924308,1769MB,100,442.167,177.142,290.924,13.392,4.402,4.559,3.032,2.895,2.895,2.928,3.324,2.6,2.527,2.636,2.435,2.814,2.902,3.288,3.11,3.156,3.001,3.225,3.144,3.009,3.542,2.868,3.155,3.325,2.829,3.099,3.299,2.685,2.715,2.871,2.961,2.533,2.858,2.674,2.71,2.792,2.666,2.772,2.619,2.571,2.766,2.648,2.802,2.537,2.879,2.605,2.575,2.686,3.162,2.755,2.693,2.754,2.974,2.92,2.861,2.909,3.209,2.637,3.056,2.826,2.891,2.837,2.762,2.827,2.734,2.922,2.859,2.869,3.042,2.906,3.117,3.193,2.961,2.856,3.392,2.813,2.987,2.829,2.987,2.813,2.97,2.786,3.063,2.98,2.906,2.942,3.151,2.899,2.916,2.837,3.049,3.07,2.806,3.331,2.873,2.885,3.097,3.133,2.959
SampleMinimalApi,SampleMinimalApi-Net6-x64-YesTC-NoR2R-YesPreJIT-256,dotnet6,x86_64,yes,no,yes,1924308,256MB,100,441.745,1321.088,1706.829,12.542,28.222,14.664,9.354,9.964,8.22,9.646,8.03,8.51,7.217,8.3,8.036,10.574,9.572,12.787,10.998,16.376,11.861,15.561,13.528,12.483,12.724,13.419,12.581,12.228,11.493,16.159,15.312,11.013,12.077,11.013,12.776,13.617,10.446,13.012,12.288,16.834,13.843,12.211,10.416,18.487,14.067,16.33,19.005,17.822,13.786,19.504,19.539,17.818,21.236,21.192,19.539,19.481,17.969,21.389,25.116,20.497,24.625,21.897,21.325,19.524,19.269,20.201,24.67,21.145,23.708,24.006,24.384,24.807,23.552,23.727,22.284,23.583,24.107,23.786,20.009,22.746,22.151,22.563,24.177,22.843,19.733,19.372,17.323,21.932,19.238,19.219,18.748,19.434,20.537,18.323,19.454,19.13,16.117,18.629,21.711,18.07,17.185,19.529,17.917
SampleMinimalApi,SampleMinimalApi-Net6-x64-YesTC-NoR2R-YesPreJIT-512,dotnet6,x86_64,yes,no,yes,1924308,512MB,100,446.836,627.849,515.858,9.484,7.668,5.141,4.538,3.43,3.728,4.392,4.011,3.667,4.183,3.924,3.776,4.185,3.538,4.431,4.031,4.273,4.292,4.139,4.363,4.695,5.215,4.933,5.341,5.883,5.588,5.159,5.03,5.768,4.488,4.481,4.527,4.56,4.065,4.912,4.078,4.326,4.396,4.849,4.747,4.093,4.422,5.027,5.047,4.241,4.942,4.778,4.305,5.412,6.486,4.571,5.138,5.3,6.168,5.087,6.462,4.554,5.367,4.413,4.761,4.624,6.291,5.371,6.825,5.972,5.043,5.93,6.843,4.854,5.32,6.695,5.528,6.377,5.468,5.925,6.581,6.394,7.246,5.577,6.025,6.051,6.861,5.655,6.392,6.107,5.957,4.373,5.838,6.642,5.39,5.181,6.27,6.744,4.971,5.807,5.167,6.462,6.464,5.67,5.646
SampleMinimalApi,SampleMinimalApi-Net6-x64-YesTC-NoR2R-YesPreJIT-5120,dotnet6,x86_64,yes,no,yes,1924308,5120MB,100,425.201,168.495,280.726,37.207,4.845,4.095,3.053,2.75,2.688,2.96,3.42,2.809,2.866,2.552,2.626,2.808,2.589,2.564,2.71,2.941,3.015,3.469,2.865,3.123,2.841,2.775,2.816,2.872,2.734,3.003,3.222,2.934,2.841,2.936,2.708,2.851,2.944,2.803,2.748,2.94,2.781,2.735,2.838,2.535,2.534,2.603,2.634,2.698,2.655,2.546,2.934,2.523,2.501,2.636,3.441,2.633,2.531,2.997,2.748,2.915,3.139,2.665,2.818,2.598,2.99,2.689,3.204,2.561,2.869,3,2.624,2.804,2.912,3.495,3.015,2.93,2.608,2.807,2.896,2.671,2.854,2.803,2.759,2.801,2.525,2.591,2.737,2.646,3.013,2.805,2.865,2.562,2.607,2.641,2.626,2.603,2.749,2.658,2.562,2.665,2.671,2.829,2.732
SampleMinimalApi,SampleMinimalApi-Net6-x64-YesTC-YesR2R-NoPreJIT-1024,dotnet6,x86_64,yes,yes,no,3242577,1024MB,100,422.3,236.997,302.765,8.947,4.567,4.564,3.309,2.951,3.386,3.777,3.202,2.959,3.432,2.798,2.789,3.298,2.567,2.857,3.199,3.122,2.99,3.008,2.878,3.402,3.036,3.054,2.988,3.135,3.017,2.803,3.068,2.808,3.206,3.167,2.917,2.782,2.77,2.716,3.021,2.897,2.755,2.668,2.708,2.95,2.74,3.236,2.827,2.756,2.761,3.05,3.364,2.872,2.882,2.812,2.851,2.702,2.942,3.004,2.877,3.163,2.991,3.133,3.036,2.921,2.849,3.229,3.07,3.127,2.928,3.474,2.845,3.433,2.93,3.39,3.399,3.093,2.951,3.136,3.215,3.663,3.268,2.976,3.179,3.254,2.996,2.869,3.169,2.946,3.298,3.011,2.853,3.305,2.874,3.087,3.031,2.74,2.883,3.061,3.013,2.757,2.978,3.131,2.916
SampleMinimalApi,SampleMinimalApi-Net6-x64-YesTC-YesR2R-NoPreJIT-128,dotnet6,x86_64,yes,yes,no,3242577,128MB,149,426.743,2198.435,5503.451,15.929,80.551,52.781,40.61,37.51,39.062,32.964,34.17,34.39,40.749,41.642,45.535,51.164,55.953,49.775,43.863,39.75,49.253,44.734,42.485,34.906,46.238,37.856,40.882,41.892,60.852,54.371,48.744,48.014,60.174,65.473,64.561,54.239,51.409,60.32,59.608,64.7,59.126,70.949,63.317,54.681,58.385,63.776,60.125,65.945,61.094,66.643,55.212,58.703,58.839,52.073,69.027,64.867,64.644,64.596,72,63.003,66.282,68.701,63.048,61.002,57.705,55.351,57.35,57.037,57.167,62.297,59.481,56.232,62.272,66.619,61.964,70.76,56.743,55.281,61.933,53.003,56.214,61.764,58.219,49.611,60.79,54.725,56.642,58.848,49.975,60.116,53.403,50.667,52.231,54.307,53.228,54.997,53.049,58.009,55.657,61.256,60.245,64.887,56.204
SampleMinimalApi,SampleMinimalApi-Net6-x64-YesTC-YesR2R-NoPreJIT-1769,dotnet6,x86_64,yes,yes,no,3242577,1769MB,100,422.73,142.877,297.444,12.6,4.514,4.377,3.318,2.926,2.911,3.106,3.418,3.106,3.216,2.867,2.835,2.872,2.887,2.715,2.773,2.923,3.012,3.111,3.036,3.171,2.76,3.036,3.236,3.212,3.084,3.384,3.17,2.954,2.939,2.86,2.751,2.754,2.824,2.804,2.955,2.707,2.618,2.844,2.742,2.936,2.844,2.701,2.833,2.921,3.177,3.013,2.817,2.808,2.871,3.082,2.934,3.409,2.916,3.045,2.612,3.064,2.85,3.078,2.821,2.823,2.925,2.896,2.811,2.978,2.835,2.952,3.011,2.743,3.047,3.339,3.589,2.986,2.951,2.918,3.079,2.931,2.758,2.862,2.873,2.921,2.965,3.148,3.11,2.808,3.393,2.94,3.118,2.772,3.169,3.021,3.195,2.83,3.36,2.98,3.05,2.97,3.188,3.044,2.7
SampleMinimalApi,SampleMinimalApi-Net6-x64-YesTC-YesR2R-NoPreJIT-256,dotnet6,x86_64,yes,yes,no,3242577,256MB,100,425.065,1063.32,1749.646,11.64,32.374,13.669,9.104,8.689,9.232,9.112,9.935,10.175,13.677,10.13,11.278,10.83,12.501,14.336,13.714,14.255,13.583,13.463,12.712,13.596,14.708,12.073,12.323,14.655,17.938,12.525,11.364,13.393,11.447,9.701,11.444,12.469,12.68,12.463,14.574,13.374,13.149,15.62,12.558,15.619,22.418,19.045,17.926,19.054,20.338,16.327,19.034,16.385,16.132,19.713,18.893,21.669,20.647,19.796,18.799,20.788,18.182,22.924,24.859,21.762,19.268,24.173,22.85,20.76,20.63,19.679,22.987,22.092,24.042,25.791,21.296,21.951,25.387,22.262,22.696,19.679,19.767,17.818,21.744,23.099,20.026,24.848,22.698,20.958,19.34,22.995,18.824,19.943,23.813,20.503,22.935,18.905,21.619,18.943,22.475,18.055,20.072,20.22,19.375
SampleMinimalApi,SampleMinimalApi-Net6-x64-YesTC-YesR2R-NoPreJIT-512,dotnet6,x86_64,yes,yes,no,3242577,512MB,100,413.963,495.548,523.25,8.446,9.68,5.544,3.39,3.776,3.567,4.038,4.362,4.43,3.282,4.546,5.485,5.69,4.38,5.083,4.923,5.057,4.624,4.911,5.277,5.019,6.292,4.838,5.21,5.126,4.164,5.652,6.22,4.228,4.882,4.526,4.291,3.803,4.622,4.922,4.17,4.378,4.527,4.726,4.265,4.965,4.891,4.437,4.925,4.312,4.227,4.481,5.61,4.49,5.301,3.849,4.737,4.259,4.057,3.539,3.997,5.274,5.491,5.82,6.302,4.835,5.901,4.822,5.82,5.164,4.695,6.31,7.391,4.746,5.408,7.156,5.396,5.972,7.319,6.519,6.429,5.571,5.599,6.571,5.768,7.824,5.522,6.829,6.673,6.461,6.228,6.18,6.641,6.925,6.244,5.82,5.716,5.212,5.776,5.8,5.922,5.854,6.378,5.709,5.278
SampleMinimalApi,SampleMinimalApi-Net6-x64-YesTC-YesR2R-NoPreJIT-5120,dotnet6,x86_64,yes,yes,no,3242577,5120MB,100,391.008,134.017,274.248,33.803,4.783,4.026,2.931,2.615,2.898,2.83,3.166,3.112,3.43,2.744,2.996,2.989,2.706,2.692,2.733,2.679,2.724,2.894,2.96,2.802,2.64,2.845,2.799,2.911,2.962,2.805,3.149,3.069,2.816,2.822,2.788,2.823,2.495,2.564,2.472,2.501,2.514,2.718,2.842,2.433,2.643,2.583,2.723,2.542,2.603,2.567,2.626,2.693,2.662,2.811,2.503,2.522,2.704,2.583,2.629,2.772,2.715,2.723,2.662,2.581,2.768,2.792,2.641,2.61,2.506,2.923,2.625,2.781,2.553,2.743,2.832,2.569,2.799,2.726,2.643,2.933,2.519,2.778,2.713,2.659,2.704,2.661,2.731,2.789,2.733,2.727,3.147,2.846,2.655,2.682,2.737,2.705,2.558,2.532,2.554,2.657,2.819,2.748,2.632
SampleMinimalApi,SampleMinimalApi-Net6-x64-YesTC-YesR2R-YesPreJIT-1024,dotnet6,x86_64,yes,yes,yes,3242577,1024MB,100,439.224,238.544,313.996,9.158,4.896,4.675,3.122,2.912,3.233,4.88,3.272,2.871,2.677,3.042,3.233,3.731,3.058,2.999,3.538,3.241,3.396,3.003,3.405,3.408,3.29,3.596,3.67,3.304,3.408,3.312,3.065,2.823,2.922,3.195,2.563,2.757,2.988,3.332,2.732,2.688,2.788,2.735,2.808,2.874,2.954,2.669,3.065,2.805,2.828,3.051,3.234,3.244,2.935,2.813,2.687,2.932,2.963,2.874,3.426,3.33,3.226,2.866,3.01,3.047,3.259,3.234,3.277,3.485,2.963,3.487,3.146,2.896,3.107,3.512,3.045,3.734,3.276,3.2,3.187,2.931,2.916,3.23,3.363,3.12,3.136,3.012,2.928,3.392,3.184,3.708,3.566,2.951,3.518,3.193,3.091,2.755,3.243,2.979,3.138,3.025,3.031,3.308,3.069
SampleMinimalApi,SampleMinimalApi-Net6-x64-YesTC-YesR2R-YesPreJIT-128,dotnet6,x86_64,yes,yes,yes,3242577,128MB,149,440.346,2204.963,5473.78,15.872,76.803,55.019,33.671,38.644,32.681,34.59,29.072,39.133,37.505,46.143,50.624,54.444,44.077,51.225,50.949,53.148,41.777,38.686,39.411,40.247,48.453,51.767,41.255,54.106,54.756,48.081,57.189,60.96,58.102,62.597,50.196,64.26,60.023,65.337,54.329,58.602,67.011,55.42,62.006,49.825,48.195,61.332,57.598,67.519,58.122,57.214,62.478,62.419,50.586,70.756,57.636,65.557,64.654,54.459,61.808,57.698,64.181,66.694,63.276,59.832,59.895,58.471,56.372,54.827,56.29,59.454,55.648,56.306,55.133,56.433,60.258,57.66,58.471,56.059,57.522,62.928,58.585,56.28,62.218,53.031,54.462,54.089,58.586,51.763,52.247,63.173,61.16,67.743,60.993,53.76,59.687,56.791,64.25,58.008,56.993,51.871,58.553,53.349,60.324
SampleMinimalApi,SampleMinimalApi-Net6-x64-YesTC-YesR2R-YesPreJIT-1769,dotnet6,x86_64,yes,yes,yes,3242577,1769MB,100,442.463,142.853,300.023,12.659,4.268,4.452,3.387,3.033,2.782,3.409,3.125,2.988,3.017,2.963,2.816,3.008,2.696,2.841,3.014,2.98,2.863,3.357,3.173,3.382,3.021,3.185,3.044,3.24,3.271,3.123,3.146,3.519,3.222,2.84,2.881,2.888,2.806,2.873,2.652,2.815,2.95,2.872,2.636,2.696,2.699,3.149,2.688,2.637,3,2.877,3.359,2.757,3.294,2.987,2.736,2.914,3.094,2.767,2.874,2.842,3.034,2.699,2.694,2.737,2.895,2.893,3.073,2.88,3.232,3.094,2.797,3.09,3.121,3.067,3.115,3.095,2.932,3.4,3.136,3.134,2.959,2.999,3.156,3.259,3.169,2.911,2.898,2.965,2.842,3.546,2.864,2.981,2.945,2.917,3.071,3.013,3.324,2.929,3.134,2.972,3.031,2.922,3.196
SampleMinimalApi,SampleMinimalApi-Net6-x64-YesTC-YesR2R-YesPreJIT-256,dotnet6,x86_64,yes,yes,yes,3242577,256MB,100,429.818,1054.39,1775.222,11.706,28.862,14.475,12.326,9.55,9.066,8.775,9.026,9.918,8.997,11.723,10.702,9.88,12.373,12.883,13.781,12.517,13.192,12.72,12.006,16.266,13.859,14.997,13.107,11.951,10.813,13.606,12.185,12.361,12.868,15.888,11.74,17.264,14.714,13.755,11.867,11.695,16.692,10.322,13.111,16.115,15.035,18.66,14.272,16.695,13.289,18.75,17.207,20.548,21.296,21.566,23.172,22.481,23.653,21.22,19.053,20.826,21.153,23.143,20.302,20.972,23.733,24.307,26.66,23.572,22.26,24.115,20.826,28.041,22.684,23.239,24.785,22.185,23.912,23.84,23.282,22.464,21.442,24.656,20.667,22.072,23.102,23.164,22.414,21.18,20.985,24.669,19.966,19.935,17.762,19.661,20.869,18.645,21.53,20.258,18.784,23.524,19.834,18.897,20.066
SampleMinimalApi,SampleMinimalApi-Net6-x64-YesTC-YesR2R-YesPreJIT-512,dotnet6,x86_64,yes,yes,yes,3242577,512MB,100,443.76,500.866,543.736,8.651,8.496,5.625,4.766,4.646,4.568,4.18,3.364,3.453,4.376,4.215,4.746,4.11,4.088,4.162,4.934,4.203,4.064,3.795,6.183,4.717,4.272,5.916,5.473,4.641,6.021,4.384,4.607,3.998,3.422,4.471,4.346,4.353,6.932,3.571,4.75,4.677,4.688,4.104,4.983,4.539,5.359,3.941,4.737,3.914,4.672,5.74,6.346,4.917,6.365,5.047,5.685,5.475,6.127,4.6,5.448,4.97,6.009,6.614,6.752,5.764,5.797,5,6.447,5.657,5.999,6.41,5.026,5.471,6.897,6.121,7.516,6.313,7.495,7.197,7.504,6.594,7.123,6.26,6.197,5.133,6.93,5.451,6.434,6.076,6.075,7.143,5.646,7.287,6.179,6.123,6.656,6.684,6.85,5.766,6.062,6.748,6.733,6.905,6.514
SampleMinimalApi,SampleMinimalApi-Net6-x64-YesTC-YesR2R-YesPreJIT-5120,dotnet6,x86_64,yes,yes,yes,3242577,5120MB,100,419.39,134.432,285.663,34.782,4.675,4.233,3.291,3.513,2.683,2.888,3.943,3.32,3.132,2.863,2.659,2.664,3.25,2.621,3.107,2.54,2.947,3.084,2.902,2.95,3.044,3.225,3.1,2.752,3.259,3.029,3.01,3.319,2.867,2.729,2.764,3.058,3.026,2.861,2.825,2.791,2.842,2.577,2.728,3.039,2.663,3.003,2.75,2.528,2.577,2.542,2.505,2.887,3.092,2.861,2.803,2.777,2.557,2.718,2.998,2.677,2.751,2.556,2.94,2.737,2.84,2.8,3.301,2.701,2.735,2.591,2.866,2.935,2.913,2.789,2.835,2.676,2.737,2.888,3.009,2.673,2.638,2.682,2.574,2.893,2.85,2.889,2.532,2.821,2.741,2.541,3.011,2.739,2.865,2.725,3.071,2.631,2.632,2.664,2.814,2.749,2.825,2.746,2.714
