Project,Build,Runtime,Architecture,Tiered,Ready2Run,PreJIT,ZipSize,MemorySize,Runs,Init,Cold Used,Total Warm Used,Used,Used-01,Used-02,Used-03,Used-04,Used-05,Used-06,Used-07,Used-08,Used-09,Used-10,Used-11,Used-12,Used-13,Used-14,Used-15,Used-16,Used-17,Used-18,Used-19,Used-20,Used-21,Used-22,Used-23,Used-24,Used-25,Used-26,Used-27,Used-28,Used-29,Used-30,Used-31,Used-32,Used-33,Used-34,Used-35,Used-36,Used-37,Used-38,Used-39,Used-40,Used-41,Used-42,Used-43,Used-44,Used-45,Used-46,Used-47,Used-48,Used-49,Used-50,Used-51,Used-52,Used-53,Used-54,Used-55,Used-56,Used-57,Used-58,Used-59,Used-60,Used-61,Used-62,Used-63,Used-64,Used-65,Used-66,Used-67,Used-68,Used-69,Used-70,Used-71,Used-72,Used-73,Used-74,Used-75,Used-76,Used-77,Used-78,Used-79,Used-80,Used-81,Used-82,Used-83,Used-84,Used-85,Used-86,Used-87,Used-88,Used-89,Used-90,Used-91,Used-92,Used-93,Used-94,Used-95,Used-96,Used-97,Used-98,Used-99
SourceGeneratorJson,SourceGeneratorJson-Net6-Arm64-NoTC-NoR2R-NoPreJIT-1024,dotnet6,arm64,no,no,no,135771,1024MB,100,283.747,670.648,192.367,3.557,2.526,2.713,2.339,2.287,2.081,2.127,2.26,2.362,2.16,2.278,2.163,2.282,2.407,2.25,2.003,1.972,1.947,2.02,1.739,1.86,1.926,1.763,1.798,1.792,2.133,1.873,1.843,1.882,2.04,1.881,1.838,2.021,1.879,1.839,1.838,1.801,1.89,1.799,1.858,1.808,1.875,1.858,1.836,2.035,1.836,1.936,1.815,1.985,1.83,1.936,1.862,1.857,1.991,1.97,1.913,1.941,2.007,1.93,1.773,1.914,1.896,1.862,1.864,1.846,1.871,1.877,1.911,1.821,1.918,1.833,1.838,1.783,1.87,1.85,1.78,1.821,1.784,2.001,1.898,1.817,1.833,1.771,1.771,1.77,1.851,1.744,1.813,1.823,1.779,1.779,1.788,1.791,1.784,1.782,1.781,1.777,1.813,1.85
SourceGeneratorJson,SourceGeneratorJson-Net6-Arm64-NoTC-NoR2R-NoPreJIT-128,dotnet6,arm64,no,no,no,135771,128MB,171,280.986,5780.278,945.877,135.01,44.238,20.38,16.901,14.205,11.339,11.057,9.629,9.271,8.552,7.066,9.977,7.529,5.895,5.963,6.222,7.546,5.769,6.665,7.169,5.815,7.263,6.749,5.468,7.084,7.048,6.969,7.005,6.954,8.69,8.473,9.35,8.363,9.623,7.444,7.079,6.698,8.074,6.144,9.274,6.923,6.421,6.734,7.925,9.366,6.819,7.687,6.853,6.702,8.238,8.228,7.271,10.855,7.752,7.416,8.851,8.179,7.91,8.5,6.465,7.668,7.726,7.454,7.165,7.688,6.492,7.921,7.599,7.643,7.122,7.367,6.469,7.021,6.38,6.74,7.05,7.342,8.419,7.862,6.493,6.201,7.503,7.863,6.797,6.489,8.812,6.913,7.433,6.653,7.775,7.485,8.36,8.906,7.046,8.297,8.316,8.192,8.46,7.712
SourceGeneratorJson,SourceGeneratorJson-Net6-Arm64-NoTC-NoR2R-NoPreJIT-1769,dotnet6,arm64,no,no,no,135771,1769MB,100,280.339,383.663,191.768,3.757,2.626,2.686,2.694,2.109,2.137,2.101,2.3,2.088,2.061,1.935,1.993,1.929,2.118,1.9,1.95,1.961,2.244,2.109,2.083,2.095,2.195,2.068,2.214,2.032,1.933,1.957,1.998,1.971,1.948,1.852,1.923,1.795,1.798,1.799,1.771,1.733,1.798,1.733,1.785,1.715,1.898,1.711,1.786,1.84,1.802,1.785,1.85,1.841,1.756,1.77,1.884,1.773,1.749,1.808,1.803,1.862,1.908,1.864,1.875,1.912,1.945,1.827,1.869,1.858,1.887,1.87,1.895,1.93,1.916,1.836,1.837,1.952,1.893,1.885,1.889,1.86,1.884,1.768,1.83,1.812,1.965,1.915,1.81,1.943,1.845,1.815,1.795,1.788,1.75,1.914,1.789,1.815,1.782,1.797,1.829,1.765,1.816,1.83
SourceGeneratorJson,SourceGeneratorJson-Net6-Arm64-NoTC-NoR2R-NoPreJIT-256,dotnet6,arm64,no,no,no,135771,256MB,100,283.334,2898.504,294.723,27.481,8.89,6.864,5.075,4.052,3.212,2.709,2.684,3.309,2.885,3.666,3.535,3.445,3.024,3.189,3.263,3.365,2.702,3.168,2.056,2.272,2.895,2.315,2.458,2.428,2.458,2.25,2.656,2.189,2.491,2.271,2.188,2.39,2.233,2.397,2.299,2.497,2.379,2.377,2.176,2.06,2.496,2.999,3.129,2.907,2.208,2.565,2.846,2.4,2.32,2.414,2.683,2.308,2.887,2.447,2.447,2.44,2.672,3.111,2.846,2.632,2.486,2.691,2.434,3.087,3.366,2.454,2.641,2.561,2.346,2.481,2.227,2.778,3.173,2.333,2.134,2.522,2.291,2.177,2.337,2.42,2.349,2.36,2.6,2.657,2.516,2.081,2.251,2.181,2.376,2.826,2.398,2.279,2.238,2.243,2.466,2.234,2.392,2.331
SourceGeneratorJson,SourceGeneratorJson-Net6-Arm64-NoTC-NoR2R-NoPreJIT-512,dotnet6,arm64,no,no,no,135771,512MB,100,281.651,1396.665,196.878,5.798,3.066,3.386,2.696,2.181,2.15,2.152,2.093,2.128,2.141,1.937,1.926,1.882,1.988,1.978,1.941,2.249,2.033,2.072,1.956,1.923,2.004,1.961,2.174,2.19,2.37,1.972,2.104,2.036,2.516,2,2.119,1.979,1.944,1.823,1.874,1.841,1.786,1.948,1.917,1.831,1.791,2.002,1.841,1.856,1.779,1.893,1.89,1.829,2.13,1.8,1.834,1.932,1.782,1.878,1.757,1.815,1.747,1.925,1.869,2.015,1.872,1.862,1.913,1.877,1.857,1.903,1.832,1.826,1.866,1.805,1.777,1.858,1.742,1.965,1.86,1.796,1.972,1.814,1.767,1.836,1.791,1.812,1.973,1.743,1.804,1.834,1.821,1.886,1.77,1.794,1.78,1.77,1.77,1.794,1.721,1.769,1.853,1.771
SourceGeneratorJson,SourceGeneratorJson-Net6-Arm64-NoTC-NoR2R-NoPreJIT-5120,dotnet6,arm64,no,no,no,135771,5120MB,100,245.103,373.039,204.829,5.191,3.962,2.995,2.578,2.248,2.102,2.075,2.477,2.41,2.081,2.031,1.956,2.04,2.17,2.037,2.091,2.143,1.936,1.964,1.983,2.272,2.118,1.978,2.008,1.976,2.15,2.063,1.921,2.047,2.044,2.107,2.106,2.076,1.951,1.913,1.972,1.987,2.056,1.878,1.965,1.919,2.172,2.113,2.186,2.061,1.973,2.264,2.085,2.058,2.296,1.919,1.999,1.819,2.058,1.893,1.946,1.793,1.857,1.878,2.046,2.028,1.808,1.958,1.945,1.945,1.753,1.851,1.956,1.934,2.072,1.788,1.932,2.036,1.926,1.776,1.907,1.911,1.897,1.992,1.942,1.936,2.055,2.019,2.12,1.933,1.815,1.918,2.035,1.916,1.873,1.936,1.862,2.017,2.09,1.83,1.958,1.898,1.891,1.981
SourceGeneratorJson,SourceGeneratorJson-Net6-Arm64-NoTC-NoR2R-YesPreJIT-1024,dotnet6,arm64,no,no,yes,135771,1024MB,100,281.703,666.805,191.035,4.002,2.478,2.828,2.397,2.123,2.121,2.145,2.151,2.128,1.99,2.281,2.197,2.282,2.209,2.336,1.994,1.925,1.934,1.786,1.752,1.91,1.865,1.869,1.806,1.819,1.84,1.917,2.131,1.836,1.825,1.841,1.836,1.916,1.841,1.832,1.907,1.857,1.826,1.872,1.839,1.837,1.877,1.874,1.872,1.915,1.9,1.882,1.845,1.962,2.197,1.839,1.843,1.849,1.807,1.993,2.018,1.901,1.885,1.87,1.876,1.837,1.818,1.825,1.905,1.933,1.77,1.832,1.877,1.821,1.799,1.848,1.756,1.82,1.832,1.76,1.796,1.747,1.851,1.681,1.84,1.766,1.723,1.825,1.803,1.806,1.92,1.809,1.889,1.751,1.823,1.749,1.775,1.833,1.81,1.77,1.773,1.816,1.73,1.839
SourceGeneratorJson,SourceGeneratorJson-Net6-Arm64-NoTC-NoR2R-YesPreJIT-128,dotnet6,arm64,no,no,yes,135771,128MB,172,280.562,5782.266,885.483,142.744,36.537,17.463,13.962,12.426,12.421,7.954,9.62,9.623,7.68,6.727,7.482,6.078,7.124,6.161,7.388,5.39,5.491,5.113,5.753,6.105,5.641,5.873,6.62,6.596,8.616,6.849,9.458,9.193,7.905,7.262,6.714,6.724,7.678,6.58,6.46,6.165,5.602,6.857,7.357,7.21,9.388,6.407,6.263,6.199,6.401,6.897,7.173,8.063,7.084,6.196,7.025,9.254,7.506,6.804,7.759,6.859,6.514,7.774,7.906,6.479,7.17,7.345,5.811,7.243,7.06,6.736,6.674,7.637,6.72,7.176,7.09,6.176,6.602,5.439,5.936,5.647,6.871,8.3,6.092,6.168,6.737,6.743,6.336,6.184,6.361,7.817,7.561,6.405,6.484,6.773,6.477,7.768,6.664,7.638,8.861,6.394,6.928,8.912
SourceGeneratorJson,SourceGeneratorJson-Net6-Arm64-NoTC-NoR2R-YesPreJIT-1769,dotnet6,arm64,no,no,yes,135771,1769MB,100,282.533,387.291,193.794,3.493,3.1,2.736,2.632,2.413,2.268,2.075,2.142,2.366,2.058,1.949,1.948,1.939,2.072,2.051,1.983,1.983,1.945,2.386,2.333,2.012,2.11,2.132,2.114,2.102,2.131,2.006,2.152,1.941,1.901,1.974,1.85,1.747,1.839,1.827,1.858,1.781,1.779,1.778,1.779,1.917,1.758,1.862,1.727,1.794,1.744,1.795,1.723,1.845,1.81,1.838,1.795,1.946,1.855,1.782,1.816,1.903,1.904,1.908,1.855,1.881,1.772,1.908,1.939,1.812,1.915,1.965,1.867,1.98,1.866,1.798,1.927,1.96,1.886,1.907,1.893,1.958,1.805,1.947,1.892,1.927,1.909,1.8,1.837,1.845,1.902,1.739,1.932,1.794,1.774,1.795,1.854,1.814,1.745,1.809,1.767,1.81,1.849,1.757
SourceGeneratorJson,SourceGeneratorJson-Net6-Arm64-NoTC-NoR2R-YesPreJIT-256,dotnet6,arm64,no,no,yes,135771,256MB,100,282.331,2876.121,308.065,29.641,11.014,6.093,5.261,4.151,3.106,4.475,2.488,3.063,2.841,2.676,2.982,2.912,3.314,3.869,3.734,3.436,3.83,2.251,2.917,2.372,2.156,2.223,2.081,2.459,2.853,2.313,3.595,2.349,2.144,2.524,2.526,2.262,2.217,2.361,2.332,2.37,2.282,2.22,2.702,2.295,2.57,2.333,2.488,2.359,2.88,2.422,2.915,2.242,2.463,3,2.413,2.561,2.32,2.769,2.505,2.413,2.099,2.498,2.438,3.354,2.589,2.318,2.316,3.649,3.434,3.73,2.489,2.773,3.03,2.635,3.293,2.678,2.815,2.368,2.498,2.458,2.751,2.329,2.324,2.836,2.135,2.551,2.241,2.4,3.491,2.591,2.361,2.317,2.229,2.458,2.583,2.221,2.814,2.519,4.646,2.697,2.367,2.406
SourceGeneratorJson,SourceGeneratorJson-Net6-Arm64-NoTC-NoR2R-YesPreJIT-512,dotnet6,arm64,no,no,yes,135771,512MB,100,282.719,1398.56,200.784,5.623,3.352,3.194,2.489,2.711,2.186,2.959,2.608,2.342,2.043,1.917,1.938,1.938,2.056,1.856,1.938,2.036,1.934,1.976,1.904,1.947,1.958,1.981,2.13,2.521,2.124,2.261,1.879,2.696,2.081,1.963,1.977,2,1.995,2.096,2.737,2.011,1.901,1.774,1.914,2.122,1.981,1.85,1.84,1.839,1.886,1.823,1.855,1.819,1.792,1.789,2.087,1.949,1.844,1.88,1.972,1.991,1.939,1.912,1.878,2.117,1.835,1.899,1.777,1.907,2.016,1.857,1.767,1.78,1.83,1.708,1.816,1.784,1.826,1.961,1.742,1.849,1.722,1.778,1.974,1.83,1.845,2.054,1.755,2.007,1.757,1.761,1.916,1.794,1.796,1.848,1.734,1.823,1.787,1.91,1.822,1.912,1.74,1.762
SourceGeneratorJson,SourceGeneratorJson-Net6-Arm64-NoTC-NoR2R-YesPreJIT-5120,dotnet6,arm64,no,no,yes,135771,5120MB,100,244.178,372.737,205.02,5.834,4.151,2.902,2.686,2.215,2.166,2.113,2.231,2.253,2.123,2.047,2.085,2.024,2.245,2.228,2.005,2.075,2.005,2.106,2.019,2.112,2.169,1.98,2.031,2.029,1.996,2.215,2.267,2.132,2.086,2.134,1.967,1.984,1.924,1.915,2.071,1.954,1.923,2.052,2.005,2.146,2.116,1.92,1.979,2.152,2.179,2.023,2.031,1.917,1.983,1.965,1.955,1.952,2.017,1.855,1.892,1.747,1.873,2.077,1.74,1.825,1.872,1.823,1.818,1.963,2.023,1.829,1.832,1.997,1.942,2.12,1.813,1.854,1.98,1.827,1.975,1.988,1.94,1.83,2.285,1.827,1.929,2.099,1.861,1.892,1.994,2.026,1.922,1.864,1.867,2.003,1.965,1.952,1.945,1.929,1.787,1.813,1.978,1.857
SourceGeneratorJson,SourceGeneratorJson-Net6-Arm64-NoTC-YesR2R-NoPreJIT-1024,dotnet6,arm64,no,yes,no,238659,1024MB,100,279.82,150.286,194.607,4.803,2.891,2.816,2.775,2.127,2.153,2.042,2.359,2.242,2.066,2.048,1.966,2.005,1.952,1.901,1.926,1.945,1.992,1.963,2.327,1.961,1.994,2.038,2.01,2.069,2.075,1.953,2.082,1.912,2.064,1.866,1.864,2.041,2.036,1.929,1.874,1.73,1.879,1.85,1.777,1.808,1.805,1.79,1.833,1.881,1.848,1.723,2.108,1.759,1.844,1.765,1.774,1.768,1.766,1.763,1.846,1.995,1.917,1.81,1.781,1.804,1.777,1.843,1.954,1.842,1.835,1.935,1.867,1.768,1.973,1.91,1.901,1.935,1.819,1.911,1.869,1.856,1.862,1.869,1.841,1.963,1.875,1.915,1.921,1.798,1.82,1.838,1.784,1.912,1.819,1.79,1.869,1.837,1.802,1.896,1.75,2.116,1.859,1.79
SourceGeneratorJson,SourceGeneratorJson-Net6-Arm64-NoTC-YesR2R-NoPreJIT-128,dotnet6,arm64,no,yes,no,238659,128MB,100,279.028,1341.629,815.857,102.741,30.678,19.055,13.823,10.683,10.58,8.635,8.184,6.932,8.662,7.622,6.811,7.081,6.959,5.627,5.232,7.162,6.555,7.538,7.116,6.98,7.168,7.56,6.894,8.879,8.571,8.275,7.019,7.779,6.736,8.915,5.91,7.721,7.194,8.621,6.976,5.814,7.557,6.295,5.964,7.579,7.061,7.685,7.866,7.695,6.813,5.666,6.247,8.519,7.854,7.383,6.35,6.07,5.317,8.001,7.445,5.97,5.809,6.446,7.41,7.228,5.94,4.935,6.149,5.215,6.721,7.215,5.987,5.603,5.868,5.302,7.24,6.862,6.648,5.626,7.911,5.658,6.439,8.432,5.842,4.66,5.418,6.282,5.429,6.658,6.01,6.9,5.366,5.449,6.521,5.665,5.618,7.605,6.956,5.385,6.093,6.511,6.929,5.899
SourceGeneratorJson,SourceGeneratorJson-Net6-Arm64-NoTC-YesR2R-NoPreJIT-1769,dotnet6,arm64,no,yes,no,238659,1769MB,100,281.499,88.912,195.69,5.115,3.277,2.716,2.817,2.561,2.136,2.158,2.289,2.337,2.108,2.085,1.974,2.005,1.879,1.965,1.991,1.955,1.92,1.976,2.094,2.077,2.163,2.118,1.944,2.184,2.249,1.971,2.023,2.076,2.1,2.009,1.966,1.903,1.916,1.832,1.785,1.981,1.81,1.833,1.798,1.898,1.722,1.797,1.757,1.781,1.867,1.746,1.835,1.784,1.821,1.864,1.838,1.82,1.827,1.785,1.857,1.819,1.93,1.845,1.904,1.918,1.811,1.84,1.875,1.842,1.767,1.902,1.827,1.867,1.932,1.875,1.905,1.856,1.912,2.039,1.823,1.807,1.874,1.928,1.91,1.867,1.797,1.834,1.816,1.946,1.834,1.81,1.941,1.791,1.803,1.781,1.89,1.805,1.762,1.803,1.81,1.735,1.753,1.815
SourceGeneratorJson,SourceGeneratorJson-Net6-Arm64-NoTC-YesR2R-NoPreJIT-256,dotnet6,arm64,no,yes,no,238659,256MB,100,280.502,691.844,280.275,22.752,6.915,6.471,3.367,3.755,2.833,3.698,3.379,3.201,3.08,3.2,3.329,2.492,2.535,2.279,3.18,2.322,2.477,2.162,2.374,2.434,2.255,2.227,2.49,2.691,2.817,2.509,2.831,2.953,3.041,2.453,2.218,2.051,1.943,2.875,2.468,2.193,2.55,3.001,2.492,2.295,2.339,2.48,3.532,3.197,2.73,2.202,2.998,2.459,2.55,3.304,2.733,2.836,2.406,2.785,2.747,2.422,2.619,2.315,3.475,2.417,2.77,2.465,2.545,2.432,2.22,2.891,2.147,2.643,2.294,2.698,2.13,2.497,2.718,2.375,2.088,2.137,2.119,2.075,2.246,2.2,2.114,2.186,2.066,2.109,2.414,2.259,2.1,2.386,2.587,2.064,2.223,2.112,2.119,2.062,1.953,2.405,2.133,2.164
SourceGeneratorJson,SourceGeneratorJson-Net6-Arm64-NoTC-YesR2R-NoPreJIT-512,dotnet6,arm64,no,yes,no,238659,512MB,100,281.85,331.464,201.845,5.749,2.682,3.126,2.671,2.462,2.282,2.251,2.092,2.29,2.147,1.94,2.159,1.99,2.14,1.936,2.072,1.957,1.92,1.932,2.179,2.128,2.408,2.516,2.217,2.217,2.172,2.436,2.218,2.113,2.05,2.077,1.985,2.018,2.211,1.806,1.934,1.873,1.864,1.882,1.838,1.801,1.799,1.794,1.796,1.764,1.855,2.637,1.813,1.811,1.811,1.825,1.778,1.809,1.867,1.988,1.853,2.088,1.902,1.897,1.88,1.849,1.836,2.034,1.956,1.954,2.033,1.85,1.878,1.999,1.959,1.993,2.101,1.859,2.224,1.828,1.906,2.029,1.865,1.892,1.882,1.879,1.947,1.857,1.81,1.85,1.85,1.985,2.011,1.796,1.86,1.855,1.846,1.839,1.836,1.821,1.775,1.793,1.779,1.82
SourceGeneratorJson,SourceGeneratorJson-Net6-Arm64-NoTC-YesR2R-NoPreJIT-5120,dotnet6,arm64,no,yes,no,238659,5120MB,100,243.413,85.568,207.698,5.584,3.797,2.978,2.531,2.218,2.18,2.119,2.365,2.524,2.347,2.088,2.006,1.998,2.137,2.084,1.978,1.977,2.207,2.26,2.07,1.956,2.06,2.01,2.023,2.132,2.092,2.306,2.099,2.006,2.159,2.194,2.098,2.153,2.219,1.997,2.035,2.175,2.178,2.043,1.89,2.028,2.09,2.305,2.188,2.04,1.972,2.103,1.84,1.917,1.971,2.14,1.927,2.02,1.877,2.022,2.103,2.216,2.018,2.109,1.901,2.05,1.934,1.849,2.022,1.906,2.051,2.036,1.921,1.907,2.094,1.881,2.036,1.869,1.933,2.002,1.942,1.865,2.017,1.834,1.918,1.88,1.963,1.908,2.083,1.946,1.929,1.911,2.036,1.856,1.976,1.952,1.972,1.82,1.921,1.842,1.858,1.894,1.941,1.892
SourceGeneratorJson,SourceGeneratorJson-Net6-Arm64-NoTC-YesR2R-YesPreJIT-1024,dotnet6,arm64,no,yes,yes,238659,1024MB,100,281.083,150.85,195.018,4.925,3.241,2.982,2.557,2.498,2.266,2.219,2.289,2.261,2.101,2.037,1.921,1.935,2.363,1.929,2.058,1.917,1.923,1.969,2.032,2.045,2.004,2.121,2.083,2.057,2.006,1.95,2.139,1.992,1.903,2.026,1.897,1.92,1.908,1.766,1.818,1.762,1.754,1.842,1.721,1.855,1.761,1.769,1.844,1.852,1.794,1.712,1.812,1.864,1.822,1.773,1.759,1.85,1.773,1.771,1.786,1.822,1.842,1.773,1.84,1.807,1.907,1.773,1.828,1.879,1.792,1.864,1.899,1.819,1.833,1.861,1.948,1.784,1.919,1.954,1.866,2.002,1.766,2.052,2.069,1.914,1.871,1.953,1.847,1.792,1.832,1.775,1.851,1.909,1.778,1.955,1.76,1.891,1.923,1.901,1.9,1.824,1.738,1.771
SourceGeneratorJson,SourceGeneratorJson-Net6-Arm64-NoTC-YesR2R-YesPreJIT-128,dotnet6,arm64,no,yes,yes,238659,128MB,100,278.839,1344.127,793.529,100.926,38.099,16.921,11.765,11.302,7.962,7.486,7.15,7.696,9.003,6.538,7.669,6.643,6.516,8.01,5.517,6.481,6.3,7.136,8.157,10.215,7.339,8.177,6.699,7.03,10.873,7.093,7.361,6.961,6.885,6.142,6.318,7.614,7.776,7.35,5.855,6.446,5.318,5.946,6.835,8.387,6.633,6.053,6.98,6.995,5.878,6.847,7.558,7.099,6.838,5.792,7.948,5.667,8.4,6.054,6.336,5.741,7.32,7.13,7.121,6.099,5.547,5.896,6.134,5.982,5.861,5.596,5.723,5.834,5.671,5.408,7.529,6.041,4.694,5.485,5.713,6.624,5.847,8.704,5.454,5.165,5.877,4.987,4.952,5.416,8.389,4.909,4.201,5.646,5.445,4.858,5.605,6.106,6.077,5.135,4.657,5.696,6.119,6.162
SourceGeneratorJson,SourceGeneratorJson-Net6-Arm64-NoTC-YesR2R-YesPreJIT-1769,dotnet6,arm64,no,yes,yes,238659,1769MB,100,280.25,88.797,196.531,5.156,3.094,2.861,2.693,2.177,2.201,2.061,2.226,2.142,2.166,1.918,1.963,2.112,1.969,1.942,2.108,2.031,2.114,2.042,2.336,2.124,2.057,2.155,2.132,2.193,2.228,2.01,2.044,2.092,2.003,2.09,2.029,1.83,1.901,1.958,1.78,1.78,1.778,1.744,1.773,1.799,1.768,1.864,1.761,1.823,1.786,1.83,1.737,1.872,1.743,1.793,1.869,1.915,1.804,1.802,1.772,1.932,1.911,1.848,1.873,1.818,1.834,1.86,1.928,2.187,1.917,1.897,1.836,1.85,1.815,1.86,1.839,1.799,1.845,1.858,1.944,1.819,1.926,1.89,1.955,1.889,1.837,1.854,1.903,1.801,1.848,1.861,1.882,1.835,1.814,1.832,1.918,1.826,1.956,1.967,1.764,1.85,1.766,1.944
SourceGeneratorJson,SourceGeneratorJson-Net6-Arm64-NoTC-YesR2R-YesPreJIT-256,dotnet6,arm64,no,yes,yes,238659,256MB,100,282.948,693.238,304.058,24.657,8.768,7.12,5.959,4.38,6.347,4.302,3.414,3.782,3.522,3.187,3.136,2.752,2.372,2.617,2.166,2.466,2.841,2.566,2.199,2.981,2.347,2.924,2.675,2.446,2.356,3.449,2.718,2.839,2.49,2.718,2.269,3.075,2.618,2.421,2.582,2.391,2.883,3.161,2.867,3.037,2.863,2.955,3.277,2.768,2.941,2.887,3.683,3.408,2.37,3.062,2.612,2.395,2.307,2.244,2.684,2.759,2.206,2.313,2.566,2.407,2.445,2.333,2.442,2.943,2.588,2.982,2.389,2.187,1.998,2.347,2.451,2.44,2.877,2.434,2.898,2.135,2.176,2.86,2.502,2.325,2.287,2.171,2.66,2.355,2.359,2.507,2.257,2.162,2.671,2.493,2.503,2.299,2.747,2.429,2.542,2.661,2.283,2.421
SourceGeneratorJson,SourceGeneratorJson-Net6-Arm64-NoTC-YesR2R-YesPreJIT-512,dotnet6,arm64,no,yes,yes,238659,512MB,100,281.958,333.02,198.974,4.765,3.046,3.013,2.64,3.574,2.449,2.134,2.278,2.136,2.334,1.994,1.902,2.123,1.992,2.029,1.977,1.887,2.277,1.879,2.37,2.036,1.971,2.217,2.001,1.889,2.407,2.471,2.386,2.116,1.918,1.92,2.026,2.072,1.822,1.825,1.914,1.956,1.81,1.806,1.744,1.777,1.794,1.784,1.816,1.911,1.758,1.734,1.806,1.807,1.747,1.763,1.814,1.932,1.831,1.799,2.002,1.963,1.86,1.867,1.847,1.974,1.833,1.908,1.995,1.935,1.95,1.903,2.14,1.842,2.045,1.909,1.846,1.867,1.914,1.921,1.856,1.84,1.845,1.925,2.01,1.829,1.838,1.847,1.891,1.809,1.914,1.806,1.979,1.786,1.866,1.886,1.833,1.79,1.81,1.815,1.788,1.807,1.747,1.767
SourceGeneratorJson,SourceGeneratorJson-Net6-Arm64-NoTC-YesR2R-YesPreJIT-5120,dotnet6,arm64,no,yes,yes,238659,5120MB,100,242.541,85.779,204.582,5.759,3.843,2.69,2.469,2.198,2.312,2.391,2.429,2.174,2.078,1.976,2.095,2.111,1.985,2.055,1.981,1.954,2.008,2.059,2.008,1.976,2.178,1.976,2.173,2.037,2.028,2.134,1.958,2.232,2.077,2.187,2.068,2.032,2.18,1.959,2.169,2.106,1.939,1.95,2.04,1.946,1.945,1.925,2.078,1.979,2.085,1.961,1.944,2.006,2.113,2.035,1.968,1.858,2.025,1.846,1.887,2.01,1.935,1.938,1.913,1.91,1.904,1.888,1.886,2.089,1.874,2.075,1.946,1.998,1.944,1.902,1.981,1.896,1.9,1.904,1.856,1.853,1.855,1.845,1.91,2.026,1.862,1.922,1.859,1.961,2.079,2.096,1.838,1.88,1.994,2.007,1.986,1.974,1.856,1.9,2.007,1.886,1.787,1.88
SourceGeneratorJson,SourceGeneratorJson-Net6-Arm64-YesTC-NoR2R-NoPreJIT-1024,dotnet6,arm64,yes,no,no,135772,1024MB,100,245.908,318.933,226.911,3.598,2.875,3.219,2.631,2.247,2.24,2.338,2.303,2.424,2.434,2.094,2.016,2.098,2.088,2.034,2.316,2.25,2.67,2.785,2.58,2.617,2.551,2.86,2.703,2.684,2.803,2.643,2.728,2.475,2.278,2.379,2.217,2.155,2.09,2.127,2.191,2.213,2.357,2.178,2.03,2.153,2.079,2.071,2.227,2.165,2.179,2.27,2.036,2.223,2,2.381,2.542,2.416,2.097,2.391,1.975,2.075,2.163,2.191,2.307,2.324,2.262,2.231,1.981,2.072,2.14,2.057,2.264,2.41,2.376,2.317,2.274,2.28,2.031,2.252,2.016,2.012,2.043,2.156,2.039,2.003,1.943,1.923,2.086,2.4,2.399,2.684,2.128,2.134,2.016,1.955,2.464,2.149,2.187,2.019,2.157,2.017,2.262,2.994
SourceGeneratorJson,SourceGeneratorJson-Net6-Arm64-YesTC-NoR2R-NoPreJIT-128,dotnet6,arm64,yes,no,no,135772,128MB,176,246.425,3056.591,3430.22,79.421,35.056,28.059,22.659,18.864,20.882,19.963,18.467,15.377,16.51,19.314,21.931,24.71,28.056,25.447,30.131,28.214,28.328,24.807,28.137,20.996,20.272,22.792,24.151,22.332,23.046,22.163,23.321,22.399,25.847,29.799,28.074,30.013,33.121,29.071,36.433,46.078,39.143,32.432,40.668,32.705,35.725,37.97,36.92,41.065,40.603,43.323,41.92,37.036,35,38.576,37.429,31.954,38.368,36.849,34.494,36.852,41.796,38.082,38.447,36.139,48.272,37.692,44.09,40.005,44.279,40.099,36.731,38.536,41.312,37.688,40.747,38.224,40.563,42.884,33.508,37.529,42.779,38.68,39.814,42.595,41.02,39.518,42.755,41.485,44.086,39.304,41.758,42.261,39.861,43.059,38.982,36.372,39.473,37.777,41.243,39.131,39.756,38.619
SourceGeneratorJson,SourceGeneratorJson-Net6-Arm64-YesTC-NoR2R-NoPreJIT-1769,dotnet6,arm64,yes,no,no,135772,1769MB,100,246.874,186.386,219.849,3.792,3.294,2.933,2.459,2.333,2.337,2.166,2.163,2.208,2.341,2.119,2.088,2.327,2.442,2.252,2.222,2.11,2.216,2.184,2.442,2.084,2.252,2.21,2.524,2.558,2.746,2.855,2.293,2.734,2.664,2.666,2.429,2.592,2.234,2.377,2.221,2.018,2.137,2.056,2.153,2.055,2.032,1.99,2.259,2.057,2.001,2.031,2.076,2.113,2.151,2.104,2.048,1.973,2.089,2.105,2.11,2.193,2.165,2.063,2.19,2.233,1.991,2.029,2.097,2.014,2.04,2.057,2.17,2.175,2.077,2.133,2.069,2.024,2.015,2.189,2.202,2.074,2.192,2.18,2.173,2.28,2.132,1.987,2.16,1.938,2.173,1.903,1.989,2.19,1.945,2.244,1.941,2.198,2.019,2.008,2.27,1.984,2.035,2.287
SourceGeneratorJson,SourceGeneratorJson-Net6-Arm64-YesTC-NoR2R-NoPreJIT-256,dotnet6,arm64,yes,no,no,135772,256MB,100,247.145,1444.153,853.149,28.327,6.925,8,5.836,5.837,5.632,4.184,5.279,4.133,5.53,4.55,5.744,6.507,5.952,6.381,6.387,4.855,9.934,9.847,8.476,8,8.48,9.367,9.992,10.308,9.818,10.269,9.445,8.904,9.676,5.796,5.731,5.407,7.279,7.378,7.125,6.491,6.064,7.471,7.215,6.248,6.07,6.515,5.966,8.085,6.742,6.004,8.096,6.601,7.243,9.462,7.109,6.059,7.285,8.184,9.16,8.08,7.77,7.663,8.366,7.264,8.446,8.927,6.869,8.47,8.398,8.315,10.302,7.903,9.343,8.771,9.049,11.148,9.953,11.402,9.662,10.325,10.576,11.281,10.878,10.505,9.282,9.758,12.289,13.984,10.864,10.678,11.382,10.834,11.529,9.204,13.581,10.15,10.787,11.929,11.977,12.695,8.847,10.359
SourceGeneratorJson,SourceGeneratorJson-Net6-Arm64-YesTC-NoR2R-NoPreJIT-512,dotnet6,arm64,yes,no,no,135772,512MB,100,249.685,670.601,316.674,6.723,3.527,3.41,2.658,2.989,2.425,2.81,2.705,2.497,2.557,2.49,3.051,2.704,3.505,3.832,3.611,3.283,3.001,2.894,4.147,4.139,3.598,3.099,3.184,2.819,2.932,3.404,3.19,3.962,3.488,4.389,3.468,3.454,3.238,4.032,3.372,2.683,3.234,3.249,3.088,3.937,3.3,2.819,3.505,3.294,2.725,2.565,2.749,2.944,2.957,3.138,2.931,2.668,2.092,2.505,2.194,3.261,3.14,2.91,3.029,3.272,2.528,2.778,2.225,3.311,2.745,3.187,2.768,3.417,3.424,2.642,3.826,3.312,3.365,2.832,3.095,2.556,2.887,3.428,2.887,2.974,3.248,3.283,3.527,3.351,3.104,3.696,3.15,4.004,3.265,3.143,3.657,3.591,3.521,3.535,3.565,3.067,2.844,4.164
SourceGeneratorJson,SourceGeneratorJson-Net6-Arm64-YesTC-NoR2R-NoPreJIT-5120,dotnet6,arm64,yes,no,no,135772,5120MB,100,225.175,180.212,222.241,4.417,3.69,3.002,2.445,2.301,2.38,2.488,2.26,2.434,2.165,2.135,2.079,2.106,2.576,2.428,2.207,2.176,2.093,2.217,2.013,2.373,2.14,2.317,2.381,2.127,2.409,2.404,2.523,2.354,2.74,2.73,2.585,2.474,2.402,2.26,2.188,2.247,2.262,2.314,2.281,2.286,2.481,2.173,2.161,2.163,2.11,2.243,2.196,2.158,2.214,2.167,2.148,2.009,2.265,2.109,2.008,2.095,2.299,2.171,2.063,2.094,2.032,2.104,2.138,2.07,2.12,2.263,1.981,2.256,2.043,2.18,2.137,2.111,2.188,2.007,2.071,2.055,2.045,2.026,1.956,2.444,2.018,2.215,2.054,2.101,2.055,2.031,1.784,2.069,2.332,2.009,2.41,2.127,2.025,1.95,2.069,2.068,1.895,2.069
SourceGeneratorJson,SourceGeneratorJson-Net6-Arm64-YesTC-NoR2R-YesPreJIT-1024,dotnet6,arm64,yes,no,yes,135772,1024MB,100,246.955,319.684,224.252,3.58,2.873,2.923,2.604,2.305,2.203,2.25,2.392,2.502,2.063,2.104,2.053,2.115,2.139,2.164,2.349,2.236,2.263,2.367,2.758,2.728,2.451,2.732,2.713,2.814,3.154,2.628,2.782,2.106,2.506,2.728,2.471,2.657,2.221,2.123,2.047,2.298,2.124,2.236,2.239,2.468,1.939,2.137,2.226,2.513,2.124,1.926,2.12,2.156,1.813,1.967,1.932,1.915,1.92,2.114,2.001,2.353,2.145,1.952,1.968,2.153,2.323,2.128,2.396,2.207,2.243,2.498,2.513,2.178,2.011,2.052,2.471,2.051,2.378,2.057,2.158,2.084,2.013,1.885,1.908,1.981,2.197,2.334,1.91,2.537,1.974,2.057,2.075,2.13,2.229,2.101,2.074,2.077,2.35,2.292,1.985,2.243,2.221,2.094
SourceGeneratorJson,SourceGeneratorJson-Net6-Arm64-YesTC-NoR2R-YesPreJIT-128,dotnet6,arm64,yes,no,yes,135772,128MB,175,247.181,3043.044,3431.182,85.561,37.715,23.893,18.156,21.292,20.015,21.373,19.911,20.99,20.479,17.392,21.487,26.88,27.59,22.81,24.974,26.622,26.616,28.117,24.187,23.213,25.538,25.873,22.609,21.872,20.456,21.941,29.021,24.988,23.686,22.119,35.381,31.148,29.675,29.029,30.89,39.96,33.214,41.02,33.042,52.837,32.401,44.773,35.664,37.545,32.247,33.072,49.625,34.09,40.007,31.679,38.862,41.435,38.596,36.826,48.42,38.053,43.728,41.825,38.297,38.862,37.467,32.235,30.926,33.515,38.295,39.777,45.792,44.044,39.837,43.302,40.561,42.004,41.82,39.542,40.909,38.627,37.955,38.024,42.219,39.065,42.773,40.465,40.579,37.113,40.949,37.74,39.376,38.33,41.005,38.883,36.473,38.13,43.499,38.442,40.649,38.236,42.059,40.986
SourceGeneratorJson,SourceGeneratorJson-Net6-Arm64-YesTC-NoR2R-YesPreJIT-1769,dotnet6,arm64,yes,no,yes,135772,1769MB,100,247.855,188.482,224.207,3.31,2.854,2.587,2.779,2.292,3.73,2.223,2.468,3.891,2.247,2.194,2.213,2.206,2.396,2.291,2.222,2.233,2.173,2.023,2.281,1.994,2.416,2.522,2.477,2.576,2.511,2.742,3.075,2.456,2.715,2.298,2.468,2.263,2.251,2.567,2.199,2.016,2.264,2.257,2.191,2.061,2.036,2.197,2.179,2.027,2.161,2.097,1.947,2.17,2.117,2.055,2.264,2.112,2.077,2.184,2.207,2.161,2.048,2.11,2.239,2.185,2.055,2.085,2.151,2.162,2.196,2.129,2.092,2.285,2.264,1.992,2.204,2.228,2.05,2.052,2.133,2.375,2.064,2.248,2.172,1.877,2.197,2.117,1.962,2.132,2.174,2.143,2.241,2.216,2.089,1.927,2.183,1.98,2.189,2.158,1.946,2.115,2.044,2.082
SourceGeneratorJson,SourceGeneratorJson-Net6-Arm64-YesTC-NoR2R-YesPreJIT-256,dotnet6,arm64,yes,no,yes,135772,256MB,100,245.33,1440.439,877.821,25.025,9.051,8.547,7.156,6.376,7.49,4.424,3.515,5.699,3.725,5.147,5.474,5.025,5.199,4.753,6.151,8.259,5.843,8.424,8.308,7.826,9.726,8.518,7.414,11.264,12.107,11.781,8.374,8.75,7.344,6.963,9.294,6.541,6.779,7.323,9.665,7.967,8.425,8.083,5.764,8.892,8.918,8.082,9.684,7.998,8.017,7.215,10.249,7.934,6.494,9.211,8.876,7.194,8.962,7.337,7.515,9.069,9.842,8.464,10.977,8.822,8.794,7.567,6.99,8.522,7.56,9.113,8.661,10.095,9.36,14.466,10.366,8.427,10.272,14.09,10.618,10.903,8.825,8.513,11.322,10.502,9.923,9.261,10.961,12.669,9.165,10.326,11.834,11.269,10.481,11.643,10.423,11.139,9.629,10.845,8.853,10.089,9.327,11.768
SourceGeneratorJson,SourceGeneratorJson-Net6-Arm64-YesTC-NoR2R-YesPreJIT-512,dotnet6,arm64,yes,no,yes,135772,512MB,100,247.698,668.52,318.866,6.073,3.369,3.455,2.962,2.758,2.338,2.664,2.487,2.569,2.455,2.749,3.417,2.909,3.045,3.364,4.241,4.425,3.421,3.159,4.002,3.232,2.903,3.989,4.19,2.606,2.872,2.929,3.953,2.626,3.505,3.204,3.711,3.258,3.388,3.092,2.53,3.387,2.805,2.911,3.79,2.507,3.202,2.929,3.247,3.022,3.09,3.421,2.667,2.855,2.78,2.846,2.999,2.604,2.676,2.574,2.862,4.282,3.703,3.01,2.204,2.87,2.958,2.765,3.17,3.148,3.259,3.209,3.753,3.609,2.876,3.35,3.357,3.532,3.161,2.703,3.379,3.625,3.472,3.109,3.164,2.559,3.263,3.113,4.184,3.533,3.204,3.174,3.32,3.138,2.812,3.236,3.794,3.747,3.798,3.655,3.89,3.593,2.587,3.58
SourceGeneratorJson,SourceGeneratorJson-Net6-Arm64-YesTC-NoR2R-YesPreJIT-5120,dotnet6,arm64,yes,no,yes,135772,5120MB,100,224.424,180.054,218.422,4.35,3.428,2.891,2.647,2.418,2.335,2.058,2.263,2.338,2.489,2.224,2.033,2.354,2.369,2.272,2.325,2.313,2.243,2,2.293,2.142,2.134,2.163,2.315,2.333,2.291,2.398,2.344,2.279,2.317,2.357,2.563,2.294,2.312,2.26,2.608,2.133,2.121,2.364,2.203,2.141,2.152,2.344,2.253,2.33,2.219,2.27,2.237,2.165,2.178,2.222,2.101,2.137,2.297,2.018,2.12,2.047,2.021,2.041,2.219,1.958,1.962,2.089,2.204,1.98,1.971,2.046,2.088,2.03,2.086,2.028,2.017,2.017,2.06,2.057,2.1,1.909,1.957,1.965,2.024,2.044,1.917,2.018,2.177,1.935,2.129,2.182,2.01,2.129,2.027,1.993,1.959,2.073,2.041,1.923,2.024,2.102,2.057,2.053
SourceGeneratorJson,SourceGeneratorJson-Net6-Arm64-YesTC-YesR2R-NoPreJIT-1024,dotnet6,arm64,yes,yes,no,238660,1024MB,100,248.996,106.983,229.769,4.327,2.976,3.069,3.112,2.547,2.277,2.299,2.217,2.509,2.192,2.131,2.098,2.334,2.148,2.319,2.428,2.727,2.25,2.471,2.687,2.272,2.477,2.317,2.374,2.367,2.359,2.41,2.733,2.578,2.57,2.486,2.737,2.53,2.61,2.234,2.42,2.113,2.23,2.336,2.261,2.439,2.097,2.065,2.272,2.159,2.243,2.01,2.631,1.905,2.333,2.263,2.28,2.055,2.044,2.052,1.959,2.233,2.147,2.256,2.199,2.033,2.356,2.219,2.16,2.195,1.928,2.09,2.261,2.231,2.198,2.16,2.406,2.106,2.154,2.191,2.033,2.012,2.539,2.349,2.679,2.226,1.978,2.531,2.017,2.283,2.392,2.42,2.184,2.143,2.074,2.594,2.175,2.098,2.13,2.092,2.208,2.541,2.244,1.971
SourceGeneratorJson,SourceGeneratorJson-Net6-Arm64-YesTC-YesR2R-NoPreJIT-128,dotnet6,arm64,yes,yes,no,238660,128MB,100,247.497,1023.537,3575.175,68.05,49.821,19.558,23.791,15.809,18.828,18.2,17.298,19.037,19.583,20.209,19.352,27.192,29.275,30.934,30.832,35.117,28.867,34.28,34.767,30.727,28.992,33.472,29.169,35.378,25.45,26.806,33.83,26.674,20.681,26.344,27.65,27.352,35.54,28.833,34.801,43.25,35.756,43.601,61.922,58.66,38.492,51.239,42.092,43.806,37.902,41.715,48.176,35.042,48.132,49.296,47.665,34.895,44.882,41.859,42.482,43.585,40.321,33.423,42.106,41.02,38.795,34.63,36.699,41.797,34.931,39.831,39.589,38.534,45.122,44.447,38.566,41.329,37.236,34.536,36.079,36.989,37.762,36.6,39.835,33.229,38.049,34.565,40.804,35.424,36.805,33.935,31.576,35.179,41.092,46.127,34.894,43.723,37.682,38.802,39.571,40.706,39.091,36.796
SourceGeneratorJson,SourceGeneratorJson-Net6-Arm64-YesTC-YesR2R-NoPreJIT-1769,dotnet6,arm64,yes,yes,no,238660,1769MB,100,248.276,66.14,222.513,4.293,2.918,3.016,2.831,2.467,2.27,2.38,2.332,2.271,2.558,2.227,2.046,2.169,2.241,2.522,2.467,2.436,2.423,2.361,2.468,2.458,2.504,2.351,2.179,2.209,2.06,2.184,2.19,2.553,2.487,2.266,2.355,2.132,2.234,2.326,2.451,2.19,2.282,2.441,2.22,2.04,2.223,2.185,2.105,2.288,1.974,2.124,2.084,2.104,1.957,2.155,2.313,2.08,2.056,2.02,2.149,1.983,2.133,2.127,1.961,2.15,2.138,2.062,2.141,2.237,1.973,2.196,2.341,1.986,2.134,2.118,2.104,2.096,2.294,2.166,2.047,2.15,2.359,2.238,1.954,2.074,2.109,2.163,2.097,2.247,2.227,2.113,2.079,2.102,2.254,2.029,2.18,2.402,2.112,2.457,2.145,1.964,2.025,2.029
SourceGeneratorJson,SourceGeneratorJson-Net6-Arm64-YesTC-YesR2R-NoPreJIT-256,dotnet6,arm64,yes,yes,no,238660,256MB,100,246.331,502.027,934.608,21.247,8.555,7.034,5.511,5.076,5.168,6.359,5.417,6.801,7.11,8.479,7.389,5.73,6.705,7.146,8.739,8.697,10.43,10.111,12.325,11.741,10.116,7.138,11.618,7.816,7.463,7.62,9.832,7.09,11.585,9.364,9.925,7.801,7.722,9.737,8.193,6.987,7.657,8.57,8.281,8.336,7.699,8.59,10.048,11.192,9.346,6.935,10.408,8.404,7.702,6.862,8.733,9.396,8.374,10.995,10.739,9.178,12.081,8.243,11.887,10.585,8.435,7.875,8.81,9.019,9.998,9.023,11.09,8.701,12.674,10.765,8.848,10.186,10.379,10.764,10.427,9.79,11.536,13.531,11.586,9.442,12.525,10.265,9.021,10.452,10.858,9.7,10.94,11.481,10.272,11.243,11.347,11.437,10.846,9.696,12.11,11.596,10.307,11.612
SourceGeneratorJson,SourceGeneratorJson-Net6-Arm64-YesTC-YesR2R-NoPreJIT-512,dotnet6,arm64,yes,yes,no,238660,512MB,100,247.971,236.118,314.413,8.102,3.679,4.162,2.974,2.97,2.229,2.317,2.812,2.554,2.36,2.951,3.028,2.241,2.55,2.411,2.024,2.427,2.242,2.564,2.848,3.198,3.632,3.738,3.969,4.123,3.998,4.125,3.68,4.185,3.06,3.423,3.283,3.297,2.7,2.516,3.53,3.089,4.236,3.691,2.912,2.58,2.473,2.731,3.026,3.027,2.501,3.145,2.216,2.849,3.069,3.126,3.582,3.481,3.605,2.444,2.806,3.201,3.063,2.946,2.747,3.05,3.31,2.593,2.624,3.364,3.56,2.78,3.409,3.112,3.024,2.513,3.079,3.447,3.158,3.552,3.062,2.867,3.643,2.992,2.782,2.71,3.567,2.638,4.588,3.501,3.076,3.095,3.012,2.869,3.223,3.115,3.495,4.273,2.625,4.577,4.246,3.274,3.379,2.784
SourceGeneratorJson,SourceGeneratorJson-Net6-Arm64-YesTC-YesR2R-NoPreJIT-5120,dotnet6,arm64,yes,yes,no,238660,5120MB,100,224.908,64.435,218.813,4.783,3.247,2.732,2.526,2.368,2.152,2.167,2.289,2.345,2.186,2.34,2.279,2.331,2.294,2.385,2.315,2.519,2.497,2.209,2.419,2.499,2.318,2.308,2.188,2.344,2.263,2.279,2.221,2.157,2.196,2.188,2.348,2.143,2.455,2.195,2.151,2.209,2.269,2.238,2.728,2.409,2.045,2.436,2.199,2.119,2.085,2.061,2.154,2.219,2.127,1.949,2.167,1.883,2.084,2.16,2.11,2.024,2.373,2.124,2.127,2.093,2.13,2.062,2.083,2.122,1.977,2.008,2.154,2.192,2.073,1.989,2.028,1.865,2.036,2.053,2.113,2.146,1.977,1.993,2.038,1.974,1.963,2.084,2.289,2.123,2.128,2.186,2.179,1.866,2.127,1.996,1.926,2.115,1.901,2.012,2.055,1.855,1.95,2.022
SourceGeneratorJson,SourceGeneratorJson-Net6-Arm64-YesTC-YesR2R-YesPreJIT-1024,dotnet6,arm64,yes,yes,yes,238660,1024MB,100,247.814,107.354,228.179,4.315,3.723,2.965,2.634,2.262,2.301,2.49,2.569,2.648,2.308,2.188,2.465,2.152,2.21,2.375,2.459,2.543,2.51,2.438,2.443,2.317,2.23,2.337,2.409,2.288,2.347,2.516,2.119,2.446,2.326,2.588,2.334,2.303,2.729,2.309,2.182,2.241,2.214,2.166,2.661,2.122,2.26,2.796,2.185,2.208,2.12,2.047,1.978,2.338,2.284,2.46,2.486,2.169,2.251,2.069,2.313,2.074,1.889,1.961,2.111,2.346,1.936,2.248,2.541,2.006,2.098,2.173,2.017,2.167,2.543,2.039,2.113,2.177,2.282,2.239,2.134,2.134,2.293,2.274,2.544,2.235,2.172,2.121,2.055,2.023,2.117,2.152,2.113,2.11,2.193,2.098,2.218,2.017,2.269,2.35,2.11,1.936,2.279,2.13
SourceGeneratorJson,SourceGeneratorJson-Net6-Arm64-YesTC-YesR2R-YesPreJIT-128,dotnet6,arm64,yes,yes,yes,238660,128MB,100,247.484,1020.142,3656.784,62.834,46.784,23.359,17.734,18.12,20.24,27.038,19.83,21.484,18.133,14.016,25.095,27.545,32.215,29.471,33.771,34.622,34.232,36.299,33.079,32.204,30.662,25.874,26.733,28.948,26.979,26.857,25.333,34.842,25.536,21.7,22.877,32.399,22.947,30.791,66.467,35.897,34.804,54.692,41.506,56.864,62.527,48.643,42.049,43.274,64.901,51.729,38.733,48.29,43.192,45.412,43.91,44.3,43.951,51.929,51.053,44.137,41.027,41.069,43.309,40.373,42.283,38.624,39.683,45.308,33.488,38.621,35.15,36.496,38.093,35.558,35.674,36.196,39.078,43.085,37.078,37.05,34.438,33.98,30.564,36.754,42.569,38.846,37.934,41.095,33.791,40.061,36.673,38.278,31.51,34.646,36.456,38.519,38.943,34.093,43.231,40.986,41.979,45.356
SourceGeneratorJson,SourceGeneratorJson-Net6-Arm64-YesTC-YesR2R-YesPreJIT-1769,dotnet6,arm64,yes,yes,yes,238660,1769MB,100,249.647,66.175,220.031,4.567,3.122,2.959,2.513,2.33,2.451,2.313,2.414,2.424,2.056,2.088,2.171,2.39,2.423,2.334,2.173,2.51,2.615,2.122,2.223,2.513,2.388,2.493,2.352,2.246,2.233,2.193,2.197,2.328,2.339,2.352,2.465,2.061,2.417,2.14,2.25,2.279,2.083,2.254,2.068,2.29,2.253,2.034,2.16,2.076,2.017,2.194,2.205,2.032,2.068,2.034,2.023,1.978,2.048,2.092,1.991,2.208,2.14,2.049,2.186,1.916,2.009,2.15,1.993,2.216,2.158,1.985,2.284,2.272,2.136,2.112,2.179,2.224,2.021,2.079,2.115,1.933,2.209,2.038,2.214,2.055,2.304,2.128,2.086,2.13,1.938,1.93,1.904,2.253,2.015,2.126,2.068,1.989,2.139,2.179,2.162,2.128,2.183,2.144
SourceGeneratorJson,SourceGeneratorJson-Net6-Arm64-YesTC-YesR2R-YesPreJIT-256,dotnet6,arm64,yes,yes,yes,238660,256MB,100,247.447,508.302,908.24,19.107,6.791,7.389,8.807,6.21,5.47,4.744,6.269,6.617,6.354,6.391,5.788,6.623,7.691,7.157,9.746,8.213,9.459,9.9,10.678,9.161,8.55,9.795,11.45,10.104,8.954,9.281,7.659,7.431,7.189,7.722,9.173,7.98,10.264,6.889,8.584,9.58,9.831,7.649,7.256,6.629,7.348,8.979,8.631,8.085,7.349,8.152,7.002,11.618,7.375,7.901,10.013,7.853,9.177,9.621,12.036,12.392,10.917,9.29,10.184,9.219,9.44,9.632,10.051,8.756,8.604,10.573,8.083,8.12,11.551,11.848,9.209,8.596,9.085,9.847,9.32,10.518,10.677,14.145,8.429,9.787,12.603,10.894,10.719,12.352,10.229,10.19,10.305,12.002,10.89,8.84,9.108,9.518,9.106,9.625,11.639,9.86,10.071,10.348
SourceGeneratorJson,SourceGeneratorJson-Net6-Arm64-YesTC-YesR2R-YesPreJIT-512,dotnet6,arm64,yes,yes,yes,238660,512MB,100,250.279,241.307,315.933,7.659,4.012,2.849,2.944,2.831,2.826,2.711,2.568,2.59,3.985,2.648,2.383,2.595,2.483,2.676,2.498,2.147,2.546,2.475,2.988,3.539,2.855,3.06,4.682,3.874,3.407,3.217,3.311,4.263,3.069,3.927,2.971,3.211,3.307,2.749,3.373,3.665,3.565,3.397,3.042,4.389,3.479,3.538,2.691,4.32,3.094,2.679,2.406,2.632,2.999,3.31,3.526,3.171,2.71,2.674,3.062,2.673,3.487,2.943,3.136,2.553,2.753,2.482,2.638,3.056,2.861,2.787,2.548,2.859,2.931,3.007,2.995,3.276,3.238,3.2,3.764,3.418,3.038,3.07,3.304,3.463,3.884,3.42,3.252,3.765,3.086,2.716,3.932,2.972,3.652,3.192,3.015,3.119,3.755,3.611,3.487,3.097,3.445,3.479
SourceGeneratorJson,SourceGeneratorJson-Net6-Arm64-YesTC-YesR2R-YesPreJIT-5120,dotnet6,arm64,yes,yes,yes,238660,5120MB,100,224.758,64.216,218.547,4.619,3.107,2.836,2.502,2.282,2.327,2.319,2.493,2.262,2.493,2.227,2.167,2.154,2.167,2.339,2.377,2.476,2.505,2.379,2.264,2.216,2.454,2.163,2.343,2.591,2.188,2.102,2.211,2.147,2.17,2.405,2.207,2.371,2.297,2.351,2.553,2.381,2.267,2.264,2.429,2.057,2.259,2.226,2.113,2.215,2.295,1.929,2.148,2.138,2.076,2.169,2.11,2.209,2.069,1.923,2.254,2.29,2.037,2.047,2.007,2.089,1.951,2.069,2.051,2.109,2.021,2.075,2.058,1.964,2.044,2.078,2.133,2.035,2.125,2.047,2.009,1.999,1.96,2.018,1.96,2.146,2.202,2.058,1.95,1.999,1.957,1.944,2.103,2.077,2.102,2.022,2.087,2.051,2.077,2.002,2.021,1.929,2.075,1.979
SourceGeneratorJson,SourceGeneratorJson-Net6-x64-NoTC-NoR2R-NoPreJIT-1024,dotnet6,x86_64,no,no,no,135763,1024MB,100,258.402,495.203,197.843,3.477,2.821,2.661,2.418,2.234,2.559,2.452,2.582,2.014,1.899,2.145,2.207,1.936,2.281,1.89,2.083,1.961,2.054,1.944,1.996,2.043,2.286,1.969,1.94,2.143,1.977,1.979,1.959,2.024,2.079,1.848,1.915,1.806,1.783,1.841,1.952,2.01,1.827,1.713,1.786,1.701,1.801,1.807,1.725,1.836,1.941,1.811,1.914,1.774,1.747,1.818,1.913,1.854,2.036,1.834,1.988,1.922,1.892,1.76,1.827,1.803,1.973,2.008,1.994,1.807,1.91,2.084,1.884,2.155,2.039,1.878,1.941,1.968,1.837,1.894,1.883,2.042,1.846,2.052,2.066,1.915,2.066,1.887,1.868,1.95,1.973,2.07,2.145,1.89,1.878,2.173,1.928,1.861,1.887,2.093,1.878,1.917,1.931,2.079
SourceGeneratorJson,SourceGeneratorJson-Net6-x64-NoTC-NoR2R-NoPreJIT-128,dotnet6,x86_64,no,no,no,135763,128MB,199,256.109,4315.534,807.751,74.291,27.26,14.645,10.323,7.696,9.483,5.757,7.248,5.305,6.082,5.236,6.24,5.649,5.66,5.284,6.16,5.218,5.318,6.221,5.262,5.481,4.989,4.765,4.771,5.752,5.266,6.206,6.777,5.479,5.917,5.382,6.574,5.659,5.409,5.536,7.005,7.34,6.418,5.998,6.683,6.493,6.935,7.708,6.917,7.398,7.956,7.538,8.216,8.298,9.618,8.502,8.521,10.393,8.171,7.784,9.285,7.799,8.027,7.588,7.931,8.899,6.771,7.436,8.275,7.566,7.447,7.15,7.739,7.331,8.689,9.595,7.819,7.91,8.185,7.973,8.198,7.868,7.898,7.809,6.852,8.118,7.616,8.953,7.591,7.431,8.374,7.866,6.875,7.571,7.442,8.254,8.359,6.686,8.529,7.446,7.482,7.147,7.243,8.542
SourceGeneratorJson,SourceGeneratorJson-Net6-x64-NoTC-NoR2R-NoPreJIT-1769,dotnet6,x86_64,no,no,no,135763,1769MB,100,262.029,285.37,200.728,3.878,2.894,2.68,2.417,2.131,2.348,2.777,2.374,2.023,1.995,2.165,2.195,2.003,2.039,2.186,1.889,1.977,2.135,2.074,2.071,2.138,1.993,2.074,2.025,2.153,1.997,2.189,2.046,1.933,1.848,2.054,1.9,2.051,2.184,1.941,1.939,1.759,1.957,2.118,1.813,1.737,2.008,2.176,1.894,1.82,1.787,1.845,2.079,1.779,1.979,1.883,2.013,1.838,2.026,1.76,1.817,1.921,1.899,1.778,1.782,1.875,1.901,1.895,1.81,1.732,1.796,1.81,2.009,1.916,2.014,1.931,1.906,2.025,1.843,1.959,2.103,1.935,1.888,1.882,1.922,2.052,1.954,2.103,2.096,1.845,2.125,1.946,2.062,1.92,1.83,1.863,1.991,2.014,1.855,1.997,1.889,1.971,2.181,2.697
SourceGeneratorJson,SourceGeneratorJson-Net6-x64-NoTC-NoR2R-NoPreJIT-256,dotnet6,x86_64,no,no,no,135763,256MB,100,255.362,2162.554,306.013,21.219,6.881,7.115,4.463,4.405,2.864,3.207,3.018,2.751,2.507,2.919,2.923,2.568,2.482,2.26,2.424,3.036,3.281,2.812,2.741,3.507,3.188,2.664,3.069,2.837,2.654,3.56,2.499,2.502,2.442,2.647,2.493,2.445,2.433,2.839,2.863,2.047,2.302,2.426,2.877,2.776,2.65,2.446,2.52,2.663,2.62,2.405,2.452,2.13,2.059,2.177,2.839,3.307,2.494,2.909,2.904,2.48,2.44,2.923,3.052,2.977,3.516,2.84,3.28,3.136,3.123,3.325,2.437,2.701,3.043,2.783,3.485,3.298,3.222,3.174,2.473,2.781,3.378,2.92,2.971,2.843,2.58,2.802,2.261,3.696,2.832,2.643,2.828,2.535,2.666,2.61,2.633,2.432,3.097,3.024,2.74,2.766,2.818,2.934
SourceGeneratorJson,SourceGeneratorJson-Net6-x64-NoTC-NoR2R-NoPreJIT-512,dotnet6,x86_64,no,no,no,135763,512MB,100,262.786,1044.822,208.38,4.817,3.178,3.22,2.137,2.091,2.726,2.331,2.195,2.084,1.962,1.938,2.029,2.181,1.913,1.885,2.677,2.506,2.483,1.984,2.894,2.347,2.553,1.987,2.11,1.894,2.296,1.97,2.037,2.086,1.949,1.856,1.917,1.916,1.819,1.863,1.781,2.28,2.046,2.189,2.226,1.724,2.511,2.225,1.924,2.052,1.942,1.827,1.755,1.99,1.924,1.949,1.968,1.803,1.989,2.177,2.123,1.96,1.885,1.877,1.929,2.088,1.949,1.873,2.092,1.958,1.968,1.958,2.017,2.146,2.131,1.893,2.089,2.097,1.967,1.96,2.161,2.195,1.962,1.988,1.807,1.858,1.882,2.037,1.998,2.007,1.95,1.921,1.904,1.983,1.999,2.034,1.878,2.231,2.022,1.846,2.203,2.237,2.033,2.181
SourceGeneratorJson,SourceGeneratorJson-Net6-x64-NoTC-NoR2R-NoPreJIT-5120,dotnet6,x86_64,no,no,no,135763,5120MB,100,238.625,275.394,213.805,4.854,3.969,2.737,2.396,2.452,2.569,2.432,2.341,1.919,1.983,2.093,1.984,2.073,1.993,1.962,2.194,2.221,2.025,2.252,2.045,2.027,2.198,2.208,2.016,2.021,2.24,2.155,2.264,2.165,2.364,2.169,2.038,2.22,2.235,2.167,1.87,1.969,2.208,2.015,1.852,2.223,2.159,2.138,1.816,2.078,1.987,2.014,2.249,2.276,1.99,2.087,2.089,1.868,1.946,1.881,1.908,1.979,1.969,2.107,2.006,2.416,1.963,1.919,2.102,1.985,1.873,1.951,2.096,1.93,2.174,2.213,2.041,1.967,2.135,2.288,2.056,2.103,2.082,2.252,2.155,2.089,2.215,2.437,2.154,2.195,1.93,2.068,2.065,2.119,1.988,2.12,2.122,2.17,2.27,2.236,2.104,2.059,2.098,2.004
SourceGeneratorJson,SourceGeneratorJson-Net6-x64-NoTC-NoR2R-YesPreJIT-1024,dotnet6,x86_64,no,no,yes,135763,1024MB,100,260.658,494.576,198.679,3.772,2.983,2.66,2.208,2.501,2.188,2.536,2.161,2.097,1.944,2.06,2.076,2.04,1.985,2.138,2.005,2.102,2.035,2.285,2.283,1.82,2.09,2.032,1.946,2.093,2.071,1.903,2.328,2.075,2.305,1.795,1.894,1.949,1.868,1.788,1.758,1.893,1.907,1.739,1.84,1.753,1.972,1.798,1.852,1.833,1.748,1.787,1.791,1.87,2.043,1.842,2.014,1.828,1.783,1.841,2.101,1.999,1.809,1.945,1.832,1.937,1.889,1.943,1.815,1.881,2.027,1.959,1.897,1.878,2.013,1.846,1.963,1.848,2.089,1.791,2.096,1.982,1.897,1.999,2.088,1.996,1.972,1.931,1.993,1.89,2.028,2.048,1.96,1.827,1.848,1.934,2.073,2.005,1.894,1.903,1.997,1.994,1.939,2.019
SourceGeneratorJson,SourceGeneratorJson-Net6-x64-NoTC-NoR2R-YesPreJIT-128,dotnet6,x86_64,no,no,yes,135763,128MB,199,255.742,4308.571,848.01,70.84,29.297,14.542,10.36,8.03,10.196,8.187,6.962,5.987,7.495,8.031,6.654,5.323,7.009,5.567,5.24,6.798,5.773,6.595,5.857,5.466,5.662,5.344,5.396,6.595,6.095,5.112,5.623,6.181,6.883,7.157,6.331,7.081,7.424,7.507,6.121,7.489,6.714,5.737,7.658,7.451,6.326,8.067,8.733,7.952,8.278,8.589,9.7,8.687,8.917,9.553,8.588,9.919,9.206,8.938,7.428,9.263,8.457,8.101,7.409,8.832,6.785,8.299,7.554,8.216,8.092,7.799,7.816,9.224,8.131,7.561,7.758,7.975,7.534,8.635,7.941,8.216,7.211,7.191,8.282,7.688,7.425,8.134,8.579,8.248,8.478,9.502,6.758,9.463,7.776,8.379,8.153,7.916,9.727,9.19,7.484,6.956,8.242,8.978
SourceGeneratorJson,SourceGeneratorJson-Net6-x64-NoTC-NoR2R-YesPreJIT-1769,dotnet6,x86_64,no,no,yes,135763,1769MB,100,259.417,285.897,197.379,4.019,2.948,2.775,2.169,2.307,2.475,2.358,2.221,2.265,1.834,1.927,2.006,1.947,1.846,1.932,1.914,2.104,2.079,2.073,1.875,2.091,1.893,1.904,2.023,1.97,1.941,1.944,1.905,2.01,1.999,1.831,1.9,1.987,1.805,1.833,1.789,2.206,1.823,1.88,1.823,1.791,1.826,1.892,1.994,1.914,1.882,1.971,2.085,1.719,1.861,2.011,1.866,1.802,1.879,1.795,1.917,1.792,1.809,1.911,1.929,2.052,1.905,1.895,1.778,2.057,1.903,1.874,2.041,1.899,1.859,1.929,1.949,1.923,2.069,1.883,1.91,1.946,1.848,1.84,1.993,1.991,2.064,2.038,1.928,1.901,1.903,1.871,2.079,1.839,1.921,1.899,2.177,1.991,1.965,1.993,2.096,2.038,1.97,1.892
SourceGeneratorJson,SourceGeneratorJson-Net6-x64-NoTC-NoR2R-YesPreJIT-256,dotnet6,x86_64,no,no,yes,135763,256MB,100,253.421,2164.994,298.09,17.157,6.457,8.124,3.727,4.861,3.205,3.779,2.522,2.63,3.19,2.284,2.939,2.731,2.384,2.297,2.423,2.563,2.414,2.351,2.735,2.307,3.294,2.587,2.466,2.764,2.792,3.272,2.955,2.167,2.436,2.711,2.124,1.99,2.39,2.086,2.979,2.733,2.307,2.129,2.95,2.812,3.14,3.004,3.043,2.247,2.803,2.682,2.277,3.474,2.538,3.698,2.755,2.436,2.456,2.379,2.603,2.808,3.075,2.493,3.126,3.558,2.872,2.575,3.005,2.843,2.491,2.349,2.712,2.686,3.485,2.423,2.541,2.852,3.038,2.714,2.579,2.724,2.643,2.536,2.554,2.534,2.668,2.889,2.727,2.282,3.014,2.962,2.991,2.55,3.18,3.133,2.671,2.672,3.205,3.326,3.666,2.636,3.295,2.452
SourceGeneratorJson,SourceGeneratorJson-Net6-x64-NoTC-NoR2R-YesPreJIT-512,dotnet6,x86_64,no,no,yes,135763,512MB,100,256.044,1040.756,204.691,5.917,3.574,3.295,2.545,2.622,2.623,2.922,2.988,1.979,2.262,1.848,2.039,1.898,1.933,2.355,1.999,2.065,2.088,2.012,2.075,1.935,1.859,2.011,2.089,1.974,1.915,1.821,2.02,1.93,2.155,2.219,1.897,1.811,1.8,1.915,1.793,1.815,1.848,1.764,1.782,1.731,1.884,2.108,1.828,1.803,1.901,1.782,1.923,1.72,1.79,1.755,1.717,1.999,1.77,2.113,1.867,1.934,1.875,1.966,2.019,1.811,1.949,1.825,1.902,1.854,1.962,2.068,1.931,1.918,1.911,2.101,1.929,2.212,1.832,1.943,1.829,1.943,2.463,1.927,2.073,1.917,1.998,1.924,2.246,1.998,1.997,2.224,1.817,1.925,2.27,2.021,2.057,2.045,1.911,1.888,2.049,2.047,2.018,2.082
SourceGeneratorJson,SourceGeneratorJson-Net6-x64-NoTC-NoR2R-YesPreJIT-5120,dotnet6,x86_64,no,no,yes,135763,5120MB,100,234.009,272.023,211.247,4.661,3.923,2.567,2.184,2.252,2.637,2.324,2.12,2.158,2.424,2.772,2.057,2.183,2.298,1.948,2.402,2.262,2.21,2.1,2.182,2.108,2.136,2.045,2.005,2.18,2.252,1.947,2.015,2.027,2.212,2.221,1.946,1.999,1.936,2.083,2.093,1.909,1.949,2.329,1.951,1.864,2.014,2.063,1.84,2.288,1.999,1.996,1.983,2.039,2.061,1.947,2.06,2.096,2.118,1.974,2.006,2.005,1.925,2.034,1.902,2.03,2.161,2.038,2.051,2.026,1.867,2.114,2.407,2.034,2.155,2.295,2.046,2.04,1.927,2.06,1.914,2.033,1.988,1.938,2.126,2.003,1.918,2.097,2.011,2.067,1.954,1.923,2.003,1.996,1.979,2.005,2.175,2.004,2.046,2.129,2.199,2.13,2.078,2.064
SourceGeneratorJson,SourceGeneratorJson-Net6-x64-NoTC-YesR2R-NoPreJIT-1024,dotnet6,x86_64,no,yes,no,273325,1024MB,100,258.746,116.972,198.854,4.449,3.048,2.915,2.215,2.078,2.265,4.011,2.466,1.878,1.952,1.872,1.873,2.206,2.004,1.921,1.888,1.878,1.993,2.123,2.037,1.914,1.962,1.879,2.029,1.839,2.007,2.071,2.047,2.011,2.203,1.869,2.074,1.837,2.349,1.796,1.818,1.854,2.23,1.839,2.011,1.961,1.92,1.859,1.807,1.843,1.825,1.849,1.788,1.808,1.778,1.804,1.828,1.855,1.94,1.701,1.899,1.858,1.847,1.754,1.886,1.817,2.068,1.765,1.857,2.018,1.852,1.83,2.075,2.118,1.934,1.881,1.814,1.991,1.897,1.953,2.015,1.905,1.845,1.984,1.891,2.132,1.843,1.827,1.932,1.96,1.933,1.775,1.927,2.051,1.92,1.844,1.936,1.892,1.863,1.819,1.929,2.008,2.215,2.02
SourceGeneratorJson,SourceGeneratorJson-Net6-x64-NoTC-YesR2R-NoPreJIT-128,dotnet6,x86_64,no,yes,no,273325,128MB,100,259.65,1111.213,797.656,60.443,24.297,15.454,9.495,8.066,7.192,6.455,7.566,6.238,5.174,6.57,5.11,7.108,7.98,7.268,6.265,5.699,5.825,7.108,5.831,5.451,5.303,5.533,5.169,5.207,6.289,5.118,5.566,7.083,7.224,5.74,6.393,6.433,6.302,5.786,5.67,6.388,5.938,6.038,6.659,7.46,7.336,8.439,6.527,6.567,9.833,7.766,9.55,8.584,7.072,8.556,7.575,6.911,8.715,8.297,10.25,6.937,7.054,9.681,7.816,9.81,7.711,8.393,8.201,7.022,8.421,8.608,8.871,7.252,8.036,7.338,10.037,8.44,7.94,7.545,7.03,6.359,8.734,7.6,6.701,6.44,9.499,7.464,6.913,9.034,7.891,7.534,7.416,8.039,7.523,7.403,6.195,8.724,7.167,6.727,5.919,6.825,8.33,7.211
SourceGeneratorJson,SourceGeneratorJson-Net6-x64-NoTC-YesR2R-NoPreJIT-1769,dotnet6,x86_64,no,yes,no,273325,1769MB,100,261.203,71.891,198.761,4.663,2.968,2.737,2.615,2.455,2.925,2.961,2.1,1.947,1.936,2.174,1.956,2.057,2.04,2.024,2.002,2.08,2.015,2.094,2.06,2.003,1.856,2.163,2.034,1.976,2.024,2.036,1.932,2.281,1.945,2.095,1.863,1.838,1.728,1.752,1.8,1.797,1.839,1.866,1.827,1.919,1.735,1.831,1.846,1.839,1.803,1.783,1.798,1.795,1.865,1.865,1.846,1.888,1.954,1.8,1.899,1.906,1.828,1.902,1.805,1.869,1.914,1.892,2.05,2.025,1.884,1.783,1.858,1.917,1.925,1.987,1.906,1.999,2.03,1.981,1.917,2.009,1.935,1.979,1.938,1.941,1.856,1.866,1.873,1.922,2.011,1.928,1.908,1.902,1.983,1.92,2.08,1.903,1.906,1.898,1.917,1.97,1.953,1.857
SourceGeneratorJson,SourceGeneratorJson-Net6-x64-NoTC-YesR2R-NoPreJIT-256,dotnet6,x86_64,no,yes,no,273325,256MB,100,260.043,554.601,303.767,19.662,7.043,6.691,4.066,3.182,4.528,4.692,2.582,2.774,3.169,2.927,2.885,2.893,2.422,2.539,2.383,2.553,2.428,2.395,2.376,2.577,2.804,2.563,3.329,3.113,2.699,2.247,3.645,2.726,2.787,2.598,2.93,2.298,2.231,2.585,2.371,2.213,3.187,2.519,2.577,2.331,3.371,2.518,2.346,3.007,2.518,2.536,2.378,2.923,3.183,2.457,2.846,3.109,2.374,2.145,2.264,3.03,3.946,2.25,2.397,2.58,3.481,3.169,3.421,2.823,3.774,3.092,2.972,3.077,3.129,2.272,2.815,3.082,2.582,2.622,2.414,3.084,3.449,2.643,2.774,3.031,2.951,2.513,2.305,2.899,2.417,2.985,2.758,2.642,2.34,3.02,2.63,3.321,2.927,2.725,2.463,3.187,2.704,2.579
SourceGeneratorJson,SourceGeneratorJson-Net6-x64-NoTC-YesR2R-NoPreJIT-512,dotnet6,x86_64,no,yes,no,273325,512MB,100,261.502,259.401,203.353,5.35,3.427,3.795,2.082,2.372,3.361,2.645,1.959,1.932,1.887,2.035,2.024,2.52,2.242,2.145,1.975,1.966,2.056,1.891,1.904,2.285,1.998,1.945,2.405,2.018,1.912,1.904,2.139,1.976,2.02,1.85,2.105,2.131,1.745,1.912,1.983,1.839,1.755,1.779,1.971,1.801,1.799,2.069,1.759,1.739,2.393,1.824,1.805,1.883,1.761,2.046,2.045,2.119,1.885,1.831,1.814,1.77,1.822,1.903,1.865,1.827,2.046,1.755,1.886,1.862,2.076,2.013,1.941,1.988,1.864,1.897,2.087,1.846,1.839,1.966,1.898,1.903,1.941,1.992,1.848,1.95,1.939,2.073,2.054,2.19,1.886,1.934,2.102,1.889,1.857,2.078,2.005,1.913,2.004,1.911,1.89,1.908,2.125,2.002
SourceGeneratorJson,SourceGeneratorJson-Net6-x64-NoTC-YesR2R-NoPreJIT-5120,dotnet6,x86_64,no,yes,no,273325,5120MB,100,231.216,66.839,208.597,5.406,3.323,2.551,2.141,2.098,2.604,2.476,2.266,2.131,2.231,1.922,2.145,2.026,2.228,2.098,1.951,2.119,1.903,1.964,2.108,2.017,1.902,1.93,2.167,2.046,2.027,2.444,2.015,2.019,2.054,2.154,2.444,2.056,2.183,2.176,1.977,1.892,1.975,1.875,1.986,1.894,1.882,2.103,2.105,1.963,1.918,1.863,2.885,1.87,1.918,2.081,1.89,1.966,1.809,1.988,1.882,1.958,2.047,1.977,1.885,1.883,2.125,1.903,1.877,2.013,1.824,2.206,1.874,1.99,1.942,2.297,1.891,1.964,1.983,2.079,2.06,2.234,1.99,2.016,2.054,2.117,2.173,2.006,2.415,1.981,1.935,1.982,2.081,2.08,2.087,2.116,1.985,2.202,2.103,1.976,2.058,2.16,2.001,2.023
SourceGeneratorJson,SourceGeneratorJson-Net6-x64-NoTC-YesR2R-YesPreJIT-1024,dotnet6,x86_64,no,yes,yes,273325,1024MB,100,256.225,116.233,194.572,4.456,2.889,2.776,2.361,2.185,2.201,2.813,2.298,1.854,1.895,1.907,2.125,1.847,2.13,1.978,1.919,2.243,1.926,1.98,1.977,2.103,1.796,1.92,2.074,1.945,1.97,1.893,1.982,2.093,1.893,1.805,2.007,1.956,1.829,1.735,1.816,1.83,1.767,1.82,1.89,1.925,1.909,1.814,1.866,1.854,1.731,1.782,1.863,1.69,1.819,1.75,1.804,1.907,1.877,1.791,1.815,1.784,1.708,1.96,1.967,1.771,1.831,1.793,1.78,1.779,1.812,1.734,1.938,1.757,1.874,2.043,1.947,1.819,1.905,1.849,1.919,1.871,1.812,1.814,2.103,1.968,1.838,2.056,1.93,1.958,1.897,1.997,1.876,1.86,2.224,1.9,1.842,1.869,1.976,2.015,1.917,1.882,1.967,1.955
SourceGeneratorJson,SourceGeneratorJson-Net6-x64-NoTC-YesR2R-YesPreJIT-128,dotnet6,x86_64,no,yes,yes,273325,128MB,100,256.331,1098.142,806.268,55.416,29.248,20.437,8.817,9.363,9.585,6.18,7.487,5.412,6.25,5.945,5.987,5.326,6.475,5.223,7.35,5.656,5.004,6.136,5.253,6.645,6.889,6.073,6.162,4.467,5.133,6.211,5.208,5.76,5.997,6.557,5.916,6.899,6.369,5.006,7.789,5.745,6.397,6.675,6.836,6.499,7.08,6.921,6.54,7.602,8.639,8.993,9.2,6.454,8.98,8.121,7.836,9.255,7.378,8.747,7.905,7.834,9.193,7.132,6.489,8.083,10.105,7.854,8.809,11.028,8.196,6.111,6.81,8.438,5.773,8.398,9.246,8.936,7.179,9.39,7.718,6.691,8.02,6.94,8.273,7.843,7.18,8.096,8.769,7.931,7.872,7.06,8.765,7.471,7.241,8.336,6.758,8.645,7.584,8.345,7.88,6.453,7.83,8.132
SourceGeneratorJson,SourceGeneratorJson-Net6-x64-NoTC-YesR2R-YesPreJIT-1769,dotnet6,x86_64,no,yes,yes,273325,1769MB,100,258.259,71.357,195.703,4.892,3.026,2.608,2.305,2.14,2.544,2.766,2.302,1.952,1.935,1.984,2.076,2.051,1.921,2.015,1.837,2.085,1.99,2.085,2.188,2.038,2.008,1.845,2.079,2.027,2.162,1.846,1.82,1.92,1.97,1.843,1.846,1.782,1.905,1.899,1.752,1.814,1.736,1.828,1.869,1.893,1.834,1.808,1.768,1.819,1.909,1.836,1.914,1.768,1.909,1.704,1.823,1.793,1.821,2.017,1.821,1.825,1.909,1.842,1.88,1.761,1.866,1.99,1.855,1.892,1.804,1.96,1.899,1.879,1.89,1.746,1.814,1.861,1.891,1.897,1.934,1.915,1.867,1.948,1.871,1.81,1.833,2.13,1.979,1.954,1.997,1.906,1.903,1.781,2.065,1.981,1.92,1.923,1.921,1.804,1.894,1.848,2.024,1.917
SourceGeneratorJson,SourceGeneratorJson-Net6-x64-NoTC-YesR2R-YesPreJIT-256,dotnet6,x86_64,no,yes,yes,273325,256MB,100,257.581,552.8,304.719,18.994,7.438,7.04,4.372,3.972,3.342,2.9,2.696,2.727,3.523,2.834,4.15,3.379,3.023,3.269,3.128,2.543,2.558,2.729,3.042,2.585,2.66,2.395,3.506,2.594,3.376,2.582,3.075,2.376,2.709,2.644,2.842,2.416,2.688,2.393,2.392,2.356,2.518,2.014,2.413,2.482,2.684,2.922,2.894,2.457,2.692,2.618,2.558,2.461,2.869,3.083,2.295,2.353,2.601,3.159,2.852,2.814,3.598,2.998,3.152,2.825,2.412,3.223,2.641,2.98,2.817,2.876,2.595,2.419,2.3,2.57,2.68,2.403,2.882,3.085,3.139,2.558,2.78,2.548,2.827,3.35,2.714,2.851,2.75,2.495,2.639,3.239,3.126,2.769,2.79,3.28,2.687,3.119,2.748,3.214,2.537,2.346,3.008,2.768
SourceGeneratorJson,SourceGeneratorJson-Net6-x64-NoTC-YesR2R-YesPreJIT-512,dotnet6,x86_64,no,yes,yes,273325,512MB,100,255.961,260.61,199.458,5.313,2.881,2.644,2.438,2.317,2.632,2.397,2.125,1.953,1.994,2.268,2.088,2.082,2.019,1.977,1.972,1.904,1.978,1.938,1.911,2.155,2.015,2.1,2.031,1.846,2.002,2.215,2.277,2.061,1.876,2.516,2.041,2.077,1.847,1.763,1.86,1.786,1.726,1.735,1.87,2.305,1.77,1.86,1.877,1.809,1.74,1.856,1.778,1.813,1.792,1.81,1.805,1.793,1.994,1.807,1.752,1.771,1.965,1.721,1.903,2.063,1.846,2.014,1.905,1.944,1.961,2.124,1.969,1.857,2.056,1.99,2.012,1.859,1.913,2.036,1.964,2.079,1.857,1.805,2.092,1.816,2.036,1.829,2.014,1.982,2.153,2.024,1.79,1.838,1.832,1.806,1.914,1.848,1.971,1.873,1.795,2.04,1.977,2.034
SourceGeneratorJson,SourceGeneratorJson-Net6-x64-NoTC-YesR2R-YesPreJIT-5120,dotnet6,x86_64,no,yes,yes,273325,5120MB,100,234.672,67.317,210.031,5.268,3.047,2.833,2.405,2.19,2.084,2.365,2.443,2.358,1.883,2.029,2.21,2.287,2.09,2.179,2.188,2.017,2.12,2.056,1.954,2.23,2.155,2.29,2.205,2.059,1.889,2.358,2.1,2.017,2.447,2.045,2.125,2.08,2.401,2.139,2.28,1.996,1.889,1.915,2.093,1.842,2.035,1.955,1.96,1.999,1.922,1.923,1.897,1.904,1.895,1.947,1.866,1.93,1.942,1.988,2.064,2.035,1.887,1.858,2.191,1.932,2.079,2.041,1.947,1.931,1.881,2.032,2.391,2.461,2.146,1.895,1.856,2.062,2.089,2.165,2.002,1.992,1.974,2.081,2.031,2.244,1.991,1.963,2.008,1.92,2.007,2.147,2.173,2.112,2.068,2.322,1.927,2.01,2.127,1.901,2.039,1.995,2.14,2.2
SourceGeneratorJson,SourceGeneratorJson-Net6-x64-YesTC-NoR2R-NoPreJIT-1024,dotnet6,x86_64,yes,no,no,135764,1024MB,100,232.343,221.684,227.234,3.509,2.805,2.88,2.27,2.396,2.662,2.669,2.229,2.095,2.077,2.506,2.227,2.047,1.953,2.351,2.306,2.074,2.365,2.165,2.211,2.357,2.129,2.571,3.388,2.564,2.543,2.139,2.506,2.125,1.997,2.94,2.305,2.598,2.128,2.454,2.21,2.386,2.068,2.173,2.054,2.259,2.42,2.25,2.437,2.048,2.171,2.361,2.416,1.973,2.356,1.96,2.091,2.213,2.223,2.172,2.148,1.968,2.219,2.25,2.299,2.116,2.738,2.255,2.224,2.026,2.18,2.131,2.17,2.313,2.129,1.94,2.267,2.137,2.285,2.246,2.03,2.485,2.211,2.018,2.33,2.04,2.243,2.354,2.478,2.539,2.18,2.429,2.321,2.312,2.345,2.297,2.185,2.117,2.556,1.997,2.151,2.271,2.074,2.455
SourceGeneratorJson,SourceGeneratorJson-Net6-x64-YesTC-NoR2R-NoPreJIT-128,dotnet6,x86_64,yes,no,no,135764,128MB,188,229.285,2101.592,3624.455,64.511,34.719,22.129,20.895,17.683,20.495,18.075,15.857,19.031,23.715,18.488,18.506,21.957,24.926,26.696,27.881,24.091,28.778,31.344,28.807,24.941,27.953,24.762,29.761,26.289,30.143,27.861,20.861,30.31,28.006,33.018,27.077,32.368,28.571,25.264,32.848,32.043,39.12,30.459,36.079,34.351,43.439,39.672,35.697,49.834,44.599,49.452,44.341,37.62,38.992,46.956,48.589,45.656,43.088,41.713,41.365,43.979,41.906,42.446,46.524,44.12,41.105,46.926,45.396,45.119,40.886,41.216,47.426,42.426,43.646,42.264,43.522,44.11,44.426,44.774,43.408,42.589,49.119,41.757,40.97,43.516,42.976,45.381,45.363,43.502,40.337,44.258,45.106,39.628,40.45,40.986,40.287,37.117,42.26,43.658,39.889,37.741,42.327,37.934
SourceGeneratorJson,SourceGeneratorJson-Net6-x64-YesTC-NoR2R-NoPreJIT-1769,dotnet6,x86_64,yes,no,no,135764,1769MB,100,232.468,131.942,221.232,3.579,2.958,2.66,2.355,2.261,2.429,2.561,2.265,2.245,1.892,2.361,2.152,1.971,2.157,2.541,2.193,2.265,2.16,2.229,2.475,1.926,2.215,2.171,2.218,2.474,2.105,2.614,2.472,2.667,2.279,2.047,2.185,2.477,2.231,2.179,2.187,1.984,2.055,2.258,2.065,2.063,2.349,2.145,2.152,2.083,1.999,2.133,2.045,2.222,2.159,2.097,2.324,2.066,2.291,2.248,2.241,2.082,2.138,2,1.888,2.331,2.255,2.15,2.107,2.017,2.148,1.929,2.206,2.285,2.078,2.219,2.073,2.104,2.466,2.266,2.056,2.178,2.303,2.095,2.19,2.311,2.562,2.406,2.108,2.112,2.356,2.262,2.313,1.972,2.189,2.111,2.214,2.074,2.318,2.295,2.114,2.61,2.203,2.006
SourceGeneratorJson,SourceGeneratorJson-Net6-x64-YesTC-NoR2R-NoPreJIT-256,dotnet6,x86_64,yes,no,no,135764,256MB,100,231.382,995.757,991.106,21.462,9.934,7.453,5.447,6.076,5.353,5.635,4.56,4.355,6.357,5.478,5.936,8.281,7.325,6.915,8.14,6.601,9.944,11.661,7.949,8.784,8.977,8.374,8.455,9.619,8.316,10.493,10.507,10.667,9.956,8.546,7.459,6.479,6.647,7.699,9.177,8.037,9.386,5.8,8.02,7.476,9.47,9.061,7.427,6.329,8.582,7.263,7.567,8.491,7.167,7.669,7.018,6.758,8.808,10.265,10.536,10.01,14.143,10.323,9.764,11.135,9.918,10.987,13.346,12.413,12.458,12.742,12.215,12.529,12.679,12.021,13.812,14.069,13.546,13.813,15.169,14.698,12.456,13.119,12.651,13.561,11.145,13.176,13.128,11.353,13.911,11.931,10.622,11.213,12.558,11.637,12.627,16.304,13.674,14.297,12.513,10.699,11.778,8.825
SourceGeneratorJson,SourceGeneratorJson-Net6-x64-YesTC-NoR2R-NoPreJIT-512,dotnet6,x86_64,yes,no,no,135764,512MB,100,227.939,464.494,325.053,7.462,3.48,2.84,2.667,2.395,3.016,2.4,2.637,2.729,2.452,2.529,3.09,2.603,2.532,2.555,2.289,2.851,2.803,2.586,2.74,2.564,3.257,2.541,3.484,2.937,3.297,3.143,4.011,3.255,3.231,2.969,3.872,2.945,3.153,3.801,3.354,3,3.1,2.738,3.034,3.275,2.79,2.826,3.005,2.904,3.174,3.182,3.395,2.677,3.013,4.213,3.193,3.228,3.845,3.593,2.411,3.077,3.068,3.02,3.328,3.023,3.12,3.191,2.624,3.285,2.717,2.858,3.326,2.345,2.85,3.301,3.839,4.369,3.696,3.974,4.125,2.859,4.188,4.016,3.182,4.284,3.307,4.581,2.83,4.218,3.541,4.284,3.06,4.89,3.429,3.376,3.675,3.682,4.243,3.528,3.819,4.657,4.261,2.951
SourceGeneratorJson,SourceGeneratorJson-Net6-x64-YesTC-NoR2R-NoPreJIT-5120,dotnet6,x86_64,yes,no,no,135764,5120MB,100,216.164,125.549,225.37,4.363,3.373,2.403,2.277,2.167,2.599,2.324,2.802,2.209,2.197,2.356,2.131,2.36,2.275,2.42,2.28,2.199,2.494,2.212,2.287,2.049,2.104,2.138,2.088,2.16,2.397,2.114,2.368,2.097,2.384,3.058,2.313,2.528,2.369,2.479,1.985,2.228,2.326,2.128,2.094,2.054,2.07,2.235,2.166,2.23,2.097,2.035,1.961,2.501,2.194,2.047,2.45,2.183,2.209,2.163,2.18,2.116,1.973,2.129,2.153,2.33,2.01,2.122,2.181,2.155,2.081,2.325,2.155,2.341,2.105,2.464,2.522,2.286,2.412,2.215,2.146,2.454,2.235,2.378,2.072,2.381,2.095,2.629,2.43,2.401,2.361,2.087,2.165,2.099,2.113,2.152,2.272,2.156,2.06,2.111,2.214,2.179,1.877,2.324
SourceGeneratorJson,SourceGeneratorJson-Net6-x64-YesTC-NoR2R-YesPreJIT-1024,dotnet6,x86_64,yes,no,yes,135764,1024MB,100,231.121,221.151,227.285,3.253,3.088,2.761,2.219,2.282,2.656,2.863,2.606,2.266,2.208,2.315,2.363,1.904,2.235,2.089,2.08,2.043,2.197,2.135,2.323,2.307,2.106,2.367,2.504,2.276,2.686,2.386,2.343,2.527,2.203,2.539,2.138,2.283,2.247,1.98,2.44,3.12,1.962,2.306,2.534,2.118,2.567,2.338,2.235,2.431,2.009,2.138,2.149,2.571,2.205,2.095,1.992,2.345,2.15,1.973,2.429,2.133,2.197,2.248,2.121,2.181,2.66,2.391,2.384,2.127,2.025,2.369,2.158,2.05,2.545,2.477,2.229,2.278,2.036,2.041,2.179,2.412,2.346,2.167,2.053,2.208,2.101,1.947,2.111,2.628,2.265,2.202,2.34,1.951,2.426,2.265,2.148,2.406,2.174,2.375,2.43,2.156,2.289,2.176
SourceGeneratorJson,SourceGeneratorJson-Net6-x64-YesTC-NoR2R-YesPreJIT-128,dotnet6,x86_64,yes,no,yes,135764,128MB,188,230.186,2101.118,3603.157,65.949,35.355,24.604,21.247,18.495,19.305,17.672,17.304,14.707,15.165,19.514,16.839,20.919,25.085,29.165,29.278,29.895,30.946,32.475,31.511,28.837,28.677,26.666,26.794,23.87,22.399,25.941,18.134,23.651,17.591,25.943,23.338,27.68,33.346,33.973,42.551,44.19,32.87,34.261,33.008,30.876,33.395,39.503,40.181,41.566,41.587,42.749,40.793,46.124,37.92,44.731,40.784,43.272,42.539,46.118,52.604,48.495,41.84,40.785,40.715,41.1,38.861,41.619,44.729,51.296,48.165,48.466,46.152,47.433,47.165,39.486,40.297,46.412,45.021,45.261,44.619,47.665,44.761,43.412,47.51,41.384,40.849,40.656,38.896,38.706,40.515,42.6,40.58,44.778,43.233,37.925,45.377,42.341,38.546,41.619,38.474,42.148,38.743,40.631
SourceGeneratorJson,SourceGeneratorJson-Net6-x64-YesTC-NoR2R-YesPreJIT-1769,dotnet6,x86_64,yes,no,yes,135764,1769MB,100,231.677,130.753,225.44,3.552,3.02,2.888,2.385,2.38,2.684,2.561,2.393,2.033,2.009,1.999,2.174,2.162,2.452,2.44,2.124,2.35,2.319,2.558,2.447,2.1,2.216,2.204,2.154,2.379,2.585,2.206,2.66,2.775,2.301,2.344,2.393,2.422,2.346,2.534,2.251,2.041,1.931,1.996,2.324,2.182,2.017,2.117,2.378,2.305,2.184,2.054,2.103,2.084,2.14,2.087,2.118,2.198,2.106,2.271,2.456,2.037,2.484,2.464,2.514,2.305,2.095,2.251,2.175,2.565,2.069,2.156,2.016,2.289,2.483,2.135,2.103,2.245,2.08,2.2,2.446,2.209,2.185,2.113,2.087,2.015,2.311,2.081,2.044,2.322,2.329,2.125,2.313,2.212,2.295,2.138,2.168,2.052,2.493,2.473,2.09,1.938,2.465,1.989
SourceGeneratorJson,SourceGeneratorJson-Net6-x64-YesTC-NoR2R-YesPreJIT-256,dotnet6,x86_64,yes,no,yes,135764,256MB,100,234.497,993.596,987.936,19.723,8.586,6.351,5.403,6.256,4.146,5.895,5.915,8.495,5.718,4.333,4.574,5.846,6.787,6.318,6.429,7.68,8.275,7.443,9.166,8.18,13.143,10.38,7.723,8.485,8.063,8.431,8.087,7.7,10.568,10.057,9.302,8.569,7.29,9.467,7.665,8.394,6.635,8.16,6.825,9.257,7.865,8.464,9.877,10.743,8.787,7.642,7.922,13.069,8.147,9.495,11.805,8.79,9.876,7.769,9.166,9.297,11.247,9.131,9.23,10.074,12.118,13.038,12.402,11.468,10.289,12.456,11.212,10.37,12.843,11.919,14.103,12.787,15.104,13.32,12.271,13.304,13.694,12.577,10.952,11.059,14.569,15.035,10.891,12.369,11.554,14.857,14.73,11.75,12.208,12.82,9.832,12.329,13.417,10.619,11.949,11.89,12.593,13.132
SourceGeneratorJson,SourceGeneratorJson-Net6-x64-YesTC-NoR2R-YesPreJIT-512,dotnet6,x86_64,yes,no,yes,135764,512MB,100,232.331,465.485,314.605,4.956,3.215,2.851,2.493,2.402,2.792,3.394,2.545,2.35,2.659,2.942,2.615,2.991,3.349,2.959,2.576,2.57,3.12,3.452,3.141,2.463,4.345,2.912,3.101,2.764,3.913,3.758,3.171,2.966,2.86,3.298,3.343,3.206,2.66,3.13,2.82,2.827,3.686,3.769,2.916,2.741,3.98,2.641,3.549,2.997,2.327,2.84,4.034,3.167,2.464,2.686,2.467,2.722,2.595,3.398,2.981,2.808,2.858,2.536,2.806,2.78,3.16,3.793,3.236,3.084,2.864,3.761,3.41,3.576,3.656,3.712,3.682,3.654,4.014,3.257,4.297,2.929,2.845,4.747,3.582,2.735,4.504,2.568,3.379,3.081,3.037,2.583,3.415,3.814,3.547,3.359,3.88,3.623,2.95,3.058,3.168,3.41,3.62,2.954
SourceGeneratorJson,SourceGeneratorJson-Net6-x64-YesTC-NoR2R-YesPreJIT-5120,dotnet6,x86_64,yes,no,yes,135764,5120MB,100,217.913,125.291,224.896,4.079,3.24,2.52,2.275,2.308,2.412,2.542,2.31,2.121,2.007,2.046,2.207,2.396,2.818,2.272,2.197,2.178,2.328,2.313,2.451,2.704,2.943,2.212,2.244,2.286,2.267,2.18,2.278,2.442,2.637,2.339,2.517,2.245,2.292,2.648,2.193,2.303,2.143,2.289,2.455,1.982,2.092,2.206,2.437,2.438,2.071,1.974,2.23,2.487,1.997,2.076,2.097,2.077,2.291,1.965,2.158,2.095,2.111,2.036,2.621,2.004,1.961,2.027,2.008,2.399,2.835,2.117,2.086,2.155,2.157,2.201,2.063,2.214,2.374,2.447,2.047,2.127,2.285,2.186,2.094,2.184,2.182,2.237,2.206,2.129,2.183,2.165,2.317,2.343,2.185,2.162,2.221,2.169,2.05,2.037,2.104,2.04,1.959,2.167
SourceGeneratorJson,SourceGeneratorJson-Net6-x64-YesTC-YesR2R-NoPreJIT-1024,dotnet6,x86_64,yes,yes,no,273326,1024MB,100,234.211,78.513,227.23,3.849,3.107,2.677,2.246,2.361,2.775,2.589,2.48,2.694,2.138,2.091,2.24,2.083,2.082,2.017,2.211,2.315,2.2,2.112,2.71,2.079,2.059,2.952,2.071,2.425,2.1,2.006,2.084,2.359,2.249,2.203,2.397,2.392,2.268,2.142,2.082,2.159,2.071,2.208,2.414,2.358,2.128,2.072,2.44,2.494,2.13,2.173,2.285,2.082,2.249,2.186,1.989,1.828,2.096,2.153,2.398,2.337,1.973,2.283,3.015,2.294,2.42,2.139,2.249,2.376,2.135,2.335,2.336,2.241,2.267,2.443,2.403,2.275,2.636,2.173,2.574,2.265,2.332,2.089,2.38,2.176,1.924,2.194,2.1,2.433,2.154,2.801,2.793,2.257,2.348,2.267,2.39,2.156,2.136,2.222,1.907,2.063,2.1,2.08
SourceGeneratorJson,SourceGeneratorJson-Net6-x64-YesTC-YesR2R-NoPreJIT-128,dotnet6,x86_64,yes,yes,no,273326,128MB,100,236.038,763.993,3475.66,54.978,35.881,18.737,15.826,18.992,19.851,12.682,14.3,19.997,11.766,17.069,15.626,18.478,25.058,24.831,24.931,29.143,24.886,22.383,25.158,30.351,23.372,24.88,30.258,29.924,29.854,29.189,26.415,28.69,29.737,26.435,34.662,25.805,29.629,27.134,31.603,24.346,32.657,37.674,42.666,61.412,48.979,41.638,35.195,39.896,48.059,46.075,39.511,50.732,45.076,44.365,52.806,42.159,45.683,38.516,36.532,42.209,32.857,42.775,37.759,45.708,36.311,41.064,36.026,37,44.008,37.291,37.238,43.507,39.35,39.214,37.672,38.66,45.074,37.058,51.511,35.942,34.038,34.087,40.953,39.653,34.788,36.484,38.618,39.935,40.312,41.2,38.899,43.72,43.08,41.48,38.567,37.771,41.535,42.007,40.843,40.317,42.703,43.95
SourceGeneratorJson,SourceGeneratorJson-Net6-x64-YesTC-YesR2R-NoPreJIT-1769,dotnet6,x86_64,yes,yes,no,273326,1769MB,100,240.491,52.484,226.954,3.849,2.989,2.635,2.495,2.458,3.225,2.854,2.391,2.086,2.345,2.686,2.24,2.145,2.208,2.062,2.282,2.344,2.365,2.233,2.47,2.651,2.159,2.473,2.173,2.167,2.522,2.118,2.025,2.152,2.167,2.161,2.158,2.426,2.411,2.108,2.038,2.832,2.054,2.132,2.383,2.881,2.104,2.138,2.432,2.329,2.302,2.064,2.261,2.025,2.111,2.282,2.435,2.189,1.994,2.027,2.247,2.156,2.322,2.21,1.901,2.427,2.044,2.183,2.134,2.043,2.339,2.514,2.013,2.521,2.104,2.352,2.458,2.059,2.182,2.113,2.273,2.225,2.183,2.306,2.177,2.034,2.346,2.155,2.278,2.265,2.068,2.101,2.244,2.387,2.313,2.28,2.015,1.993,2.256,2.397,2.305,2.1,2.358,2.333
SourceGeneratorJson,SourceGeneratorJson-Net6-x64-YesTC-YesR2R-NoPreJIT-256,dotnet6,x86_64,yes,yes,no,273326,256MB,100,232.511,379.815,979.285,20.746,7.714,8.475,5.395,5.032,4.385,6.531,5.239,4.808,5.96,4.573,5.105,5.228,4.759,6.248,6.242,5.797,5.713,8.345,5.204,8.975,7.254,8.063,9.289,8.718,9.035,6.891,9.897,10.625,10.85,10.776,11.232,9.689,6.68,9.76,8.161,8.216,8.803,7.458,10.13,11.224,9.174,9.322,8.378,7.665,7.931,7.824,8.702,10.215,9.183,8.376,9.038,10.387,8.19,8.466,9.622,11.499,10.919,12.664,13.382,12.21,13.965,10.345,11.888,14.303,16.207,11.372,14.874,12.711,13.264,10.849,14.052,14.089,9.668,10.164,9.401,10.92,13.338,15.448,12.709,13.786,11.294,11.621,11.991,12.536,10.53,14.37,12.571,9.939,11.559,11,12.21,12.306,9.544,13.607,9.914,10.755,11.865,11.952
SourceGeneratorJson,SourceGeneratorJson-Net6-x64-YesTC-YesR2R-NoPreJIT-512,dotnet6,x86_64,yes,yes,no,273326,512MB,100,229.889,174.835,317.638,5.917,3.591,2.725,3.22,2.889,3.9,3.624,3.104,1.915,2.64,2.843,2.141,1.949,2.391,3.149,2.291,2.673,2.535,2.383,2.681,2.465,2.819,2.446,2.473,2.789,3.859,2.292,2.872,3.362,3.265,3.679,2.605,3.219,2.988,2.918,2.985,3.42,2.932,3.12,3.633,3.147,3.072,3.09,3.593,2.689,2.477,2.939,2.807,3.119,2.726,3.971,2.437,2.841,2.89,2.925,3.331,2.983,3.133,2.843,3.52,3.017,3.389,3.655,3.192,2.596,2.767,3.403,3.857,3.775,2.736,3.775,3.237,3.03,3.022,4.801,4.685,3.938,2.677,3.743,3.364,3.288,3.413,3.348,4.33,3.355,2.929,3.275,3.801,3.812,4.054,3.965,3.846,4.251,3.522,3.372,3.653,3.501,4.116,3.916
SourceGeneratorJson,SourceGeneratorJson-Net6-x64-YesTC-YesR2R-NoPreJIT-5120,dotnet6,x86_64,yes,yes,no,273326,5120MB,100,221.61,49.188,231.382,4.405,2.942,2.837,2.508,2.308,2.481,2.798,2.385,2.353,2.802,2.051,2.956,2.744,2.542,2.153,2.148,2.249,2.642,2.308,2.558,2.351,2.457,2.216,2.302,2.288,2.208,2.151,2.166,2.178,2.538,2.217,2.552,2.63,2.101,2.425,2.182,2.3,2.072,2.352,2.115,2.585,2.14,2.076,2.246,2.617,2.515,2.209,2.092,2.323,2.579,2.185,2.072,2.187,2.326,2.512,2.027,2.761,2.247,2.258,2.239,2.285,2.151,2.105,2.12,2.296,2.288,1.996,2.14,2.71,2.159,2.168,2.089,2.19,2.144,2.302,2.426,2.049,2.454,2.325,2.479,2.19,2.594,2.134,2.135,2.35,2.404,2.118,2.081,2.136,2.171,2.312,2.082,2.512,2.051,2.199,2.33,2.358,2.167,2.019
SourceGeneratorJson,SourceGeneratorJson-Net6-x64-YesTC-YesR2R-YesPreJIT-1024,dotnet6,x86_64,yes,yes,yes,273326,1024MB,100,235.567,79.044,231.496,3.643,3.015,2.642,2.615,2.56,2.875,2.562,2.502,2.337,2.507,2.157,2.269,2.719,2.366,2.347,2.71,2.258,2.408,2.365,2.355,2.064,2.237,2.164,2.144,2.183,2.14,2.062,2.625,2.206,2.326,2.125,2.243,2.06,2.394,2.308,2.639,1.986,2.175,2.444,2.563,2.117,2.245,2.089,2.265,2.15,1.88,2.491,2.059,2.052,2.295,2.038,2.394,2.245,2.224,2.398,2.189,2.063,2.357,1.981,2.367,2.285,2.148,2.258,2.474,2.348,2.465,2.227,2.546,2.555,2.197,2.125,2.114,2.361,2.217,2.209,2.122,2.783,2.426,2.291,1.867,2.184,2.554,2.692,2.276,2.308,2.116,2.373,2.527,2.711,2.37,2.165,2.141,2.6,2.336,2.741,2.201,2.131,2.493,2.36
SourceGeneratorJson,SourceGeneratorJson-Net6-x64-YesTC-YesR2R-YesPreJIT-128,dotnet6,x86_64,yes,yes,yes,273326,128MB,100,235.171,781.91,3627.4,58.891,33.115,22.351,16.664,15.057,13.781,13.941,12.671,16.659,14.843,15.314,20.266,16.96,25.223,21.858,20.79,26.585,30.931,25.359,28.204,29.033,40.491,28.716,37.515,27.828,29.183,27.248,28.497,24.619,28.436,28.615,28.303,29.801,32.392,30.197,39.203,32.243,39.899,37.931,35.314,55.216,50.526,58.993,49.368,51.797,42.89,43.224,44.527,46.671,40.003,40.657,51.905,43.7,48.574,48.549,42.169,42.947,48.215,42.905,48.197,38.852,49.582,42.567,46.179,50.153,44.24,41.964,44.001,40.716,43.147,41.469,35.826,45.846,39.386,41.527,36.678,36.103,39.218,36.527,36.983,37.558,36.562,47.648,44.908,42.905,39.75,40.158,44.051,42.051,39.516,34.541,41.236,32.747,41.328,38.481,43.757,43.795,41.776,37.717
SourceGeneratorJson,SourceGeneratorJson-Net6-x64-YesTC-YesR2R-YesPreJIT-1769,dotnet6,x86_64,yes,yes,yes,273326,1769MB,100,240.395,53.434,226.027,3.787,3.29,3.071,2.419,2.461,2.411,2.609,2.491,2.476,2.433,2.151,2.274,2.318,2.246,2.635,2.44,2.542,2.187,2.296,2.261,2.411,2.272,2.259,2.114,2.106,2.307,2.324,2.324,2.137,2.141,2.201,2.259,2.339,2.182,2.164,2.102,2.241,1.954,2.003,2.182,2.735,2.35,2.226,2.093,2.271,2.178,2.303,2.04,2.237,2.193,2.159,2.057,2.123,1.994,2.154,2.195,2.156,2.5,2.271,2.133,2.21,2.023,2.234,2.195,2.081,2.426,2.163,2.236,2.039,2.442,2.058,2.548,2.455,2.238,2.189,2.083,2.461,2.31,2.346,2.467,2.22,2.403,2.274,2.379,2.082,2.085,2.207,2.056,2.262,2.218,1.987,2.003,2.339,2.092,2.062,2.28,2.216,2.083,2.393
SourceGeneratorJson,SourceGeneratorJson-Net6-x64-YesTC-YesR2R-YesPreJIT-256,dotnet6,x86_64,yes,yes,yes,273326,256MB,100,235.494,382.891,988.105,21.36,8.122,6.522,6.04,5.283,5.049,6.389,5.463,5.894,5.703,5.039,4.988,4.889,4.68,7.08,6.733,7.966,7.671,8.11,7.199,6.808,9.06,10.759,9.579,8.593,9.053,9.573,9.473,10.286,7.796,9.069,7.883,8.601,9.849,10.57,10.58,8.403,8.128,6.227,9.989,6.623,6.998,9.045,7.458,7.457,10.891,7.762,10.37,7.482,9.341,8.694,9.038,7.451,12.456,10.9,10.392,11.904,11.096,12.354,10.801,9.789,11.285,14.234,11.468,13.515,12.854,13.373,13.477,13.847,12.572,12.499,13.813,12.316,12.109,10.702,12.678,11.122,11.152,13.587,11.846,12.58,12.459,14.423,14.107,13.634,12.551,10.751,10.783,15.71,10.836,12.942,9.851,12.675,10.299,11.511,10.42,11.515,12.696,11.152
SourceGeneratorJson,SourceGeneratorJson-Net6-x64-YesTC-YesR2R-YesPreJIT-512,dotnet6,x86_64,yes,yes,yes,273326,512MB,100,237.135,180.95,337.826,5.232,3.279,2.777,3.328,2.513,3.35,2.918,3.589,3.056,2.372,2.872,2.591,2.812,2.27,2.436,2.558,2.77,2.661,3.254,2.705,3.496,3.087,2.645,2.746,2.802,3.444,2.856,3.286,3.069,3.493,2.428,3.101,2.69,4.375,3.674,3.124,3.148,3.921,2.73,3.503,3.47,3.609,3.974,3.038,2.748,3.909,4.368,3.01,3.603,3.045,3.509,3.408,2.569,3.49,2.926,2.895,4.517,3.651,2.697,3.454,2.617,2.805,3.559,3.432,3.455,4.849,3.365,4.047,3.784,3.098,3.518,3.531,3.897,3.477,3.548,3.667,3.998,3.738,4.799,3.484,2.973,5.061,3.858,4.371,3.763,3.36,4.316,3.833,3.698,3.409,4.034,3.631,4.264,4.136,4.155,3.311,3.651,3.543,4.943
SourceGeneratorJson,SourceGeneratorJson-Net6-x64-YesTC-YesR2R-YesPreJIT-5120,dotnet6,x86_64,yes,yes,yes,273326,5120MB,100,226.737,49.965,230.93,3.968,3.15,2.661,2.301,2.369,2.647,2.335,2.379,2.262,2.147,2.512,2.761,2.079,2.285,2.21,2.476,2.428,2.718,2.287,2.428,2.348,2.239,2.215,2.403,2.677,2.148,2.323,2.201,2.504,2.367,2.177,2.203,2.506,2.355,2.301,2.488,2.028,2.357,2.328,2.156,2.165,2.102,2.114,2.215,2.461,2.183,2.264,2.215,2.177,2.141,2.405,2.444,2.366,2.076,2.058,2.292,2.038,2.406,2.346,2.107,2.1,2.205,2.191,2.077,2.401,2.409,2.135,2.237,2.427,2.139,2.273,2.19,2.184,2.547,2.345,2.18,2.149,2.309,2.068,2.269,2.228,2.507,2.485,2.73,2.126,2.196,2.378,2.235,2.251,2.224,2.22,2.088,2.175,2.662,2.43,2.529,2.213,2.44,2.682
